To honour the JVM settings for this build a single-use Daemon process will be forked. For more on this, please refer to https://docs.gradle.org/8.10.2/userguide/gradle_daemon.html#sec:disabling_the_daemon in the Gradle documentation.
Daemon will be stopped at the end of the build 

> Configure project :
Fabric Loom: 1.8.13

> Task :compileJava UP-TO-DATE
> Task :processResources UP-TO-DATE
> Task :classes UP-TO-DATE
> Task :generateLog4jConfig
> Task :generateRemapClasspath
> Task :generateDLIConfig
> Task :configureLaunch
> Task :downloadAssets
> Task :configureClientLaunch

> Task :runClient
[07:44:53] [main/INFO] (FabricLoader/GameProvider) Loading Minecraft 1.21.1 with Fabric Loader 0.19.3
[07:44:53] [main/INFO] (FabricLoader) Loading 55 mods:
	- atmospherics 2.6.5-fabric.1
	- fabric-api 0.116.7+1.21.1
	- fabric-api-base 0.4.42+6573ed8c19
	- fabric-api-lookup-api-v1 1.6.71+b559734419
	- fabric-biome-api-v1 13.0.31+d527f9fd19
	- fabric-block-api-v1 1.1.0+0bc3503219
	- fabric-block-view-api-v2 1.0.11+ebb2264e19
	- fabric-blockrenderlayer-v1 1.1.52+0af3f5a719
	- fabric-client-tags-api-v1 1.1.15+6573ed8c19
	- fabric-command-api-v1 1.2.49+f71b366f19
	- fabric-command-api-v2 2.2.28+6ced4dd919
	- fabric-commands-v0 0.2.66+df3654b319
	- fabric-content-registries-v0 8.0.19+b559734419
	- fabric-convention-tags-v1 2.1.5+7f945d5b19
	- fabric-convention-tags-v2 2.11.1+a406e79519
	- fabric-crash-report-info-v1 0.2.29+0af3f5a719
	- fabric-data-attachment-api-v1 1.4.5+6116a37819
	- fabric-data-generation-api-v1 20.2.34+37516cd619
	- fabric-dimensions-v1 4.0.1+65213ef819
	- fabric-entity-events-v1 1.8.0+2b27e0a419
	- fabric-events-interaction-v0 0.7.13+ba9dae0619
	- fabric-game-rule-api-v1 1.0.53+6ced4dd919
	- fabric-gametest-api-v1 2.0.5+6fc22b9919
	- fabric-item-api-v1 11.2.0+3b3cb2e819
	- fabric-item-group-api-v1 4.1.7+def88e3a19
	- fabric-key-binding-api-v1 1.0.47+0af3f5a719
	- fabric-keybindings-v0 0.2.45+df3654b319
	- fabric-lifecycle-events-v1 2.6.0+0865547519
	- fabric-loot-api-v2 3.0.15+3f89f5a519
	- fabric-loot-api-v3 1.0.3+3f89f5a519
	- fabric-message-api-v1 6.0.14+8aaf3aca19
	- fabric-model-loading-api-v1 2.1.0+b4d813fc19
	- fabric-networking-api-v1 4.3.0+c7469b2119
	- fabric-object-builder-api-v1 15.2.1+40875a9319
	- fabric-particles-v1 4.0.2+6573ed8c19
	- fabric-recipe-api-v1 5.0.15+2475392c19
	- fabric-registry-sync-v0 5.3.1+e3eddc2119
	- fabric-renderer-api-v1 3.4.1+b4d813fc19
	- fabric-renderer-indigo 1.7.1+c705a49c19
	- fabric-renderer-registries-v1 3.2.69+df3654b319
	- fabric-rendering-data-attachment-v1 0.3.49+73761d2e19
	- fabric-rendering-fluids-v1 3.1.6+1daea21519
	- fabric-rendering-v0 1.1.72+df3654b319
	- fabric-rendering-v1 5.1.0+ab4c25a019
	- fabric-resource-conditions-api-v1 4.3.0+8dc279b119
	- fabric-resource-loader-v0 1.3.1+5b5275af19
	- fabric-screen-api-v1 2.0.25+8b68f1c719
	- fabric-screen-handler-api-v1 1.3.90+b559734419
	- fabric-sound-api-v1 1.0.23+6573ed8c19
	- fabric-transfer-api-v1 5.4.3+c24bd99419
	- fabric-transitive-access-wideners-v1 6.2.0+45b9699719
	- fabricloader 0.19.3
	- java 21
	- minecraft 1.21.1
	- mixinextras 0.5.4
[07:44:53] [main/INFO] (FabricLoader/Mixin) SpongePowered MIXIN Subsystem Version=0.8.7 Source=file:/home/runner/.gradle/caches/modules-2/files-2.1/net.fabricmc/sponge-mixin/0.17.3+mixin.0.8.7/41c4a3984a80f4679e759fb9f495587acc5cdac7/sponge-mixin-0.17.3+mixin.0.8.7.jar Service=Knot/Fabric Env=CLIENT
[07:44:53] [main/INFO] (FabricLoader/Mixin) Loaded Fabric development mappings for mixin remapper!
[07:44:53] [main/INFO] (FabricLoader/Mixin) Compatibility level set to JAVA_17
[07:44:53] [main/INFO] (FabricLoader/Mixin) Compatibility level set to JAVA_21
[07:44:54] [main/INFO] (FabricLoader/MixinExtras|Service) Initializing MixinExtras via com.llamalad7.mixinextras.service.MixinExtrasServiceImpl(version=0.5.4).
[07:44:54] [Datafixer Bootstrap/INFO] (Minecraft) 226 Datafixer optimizations took 270 milliseconds
[07:44:58] [Render thread/INFO] (Minecraft) Environment: Environment[sessionHost=https://sessionserver.mojang.com, servicesHost=https://api.minecraftservices.com, name=PROD]
[07:44:58] [Render thread/INFO] (Minecraft) Setting user: Player2
[07:44:58] [Render thread/INFO] (Indigo) [Indigo] Registering Indigo renderer!
[07:44:58] [Render thread/INFO] (Atmospherics/FabricPort) Atmospherics Fabric bridge initialized for Minecraft 1.21.1
[07:44:58] [Render thread/INFO] (Minecraft) Backend library: LWJGL version 3.3.3-snapshot
[07:45:05] [Render thread/ERROR] (Minecraft) Error while loading the narrator
com.mojang.text2speech.Narrator$InitializeException: Failed to load library flite
	at knot/com.mojang.text2speech.NarratorLinux$FliteLibrary.loadNative(NarratorLinux.java:69) ~[text2speech-1.17.9.jar:?]
	at knot/com.mojang.text2speech.NarratorLinux.<init>(NarratorLinux.java:18) ~[text2speech-1.17.9.jar:?]
	at knot/com.mojang.text2speech.Narrator.getNarrator(Narrator.java:41) [text2speech-1.17.9.jar:?]
	at knot/net.minecraft.client.GameNarrator.<init>(GameNarrator.java:19) [minecraft-merged-8bc85877dd-1.21.1-loom.mappings.1_21_1.layered+hash.2198-v2.jar:?]
	at knot/net.minecraft.client.Minecraft.<init>(Minecraft.java:675) [minecraft-merged-8bc85877dd-1.21.1-loom.mappings.1_21_1.layered+hash.2198-v2.jar:?]
	at knot/net.minecraft.client.main.Main.main(Main.java:239) [minecraft-merged-8bc85877dd-1.21.1-loom.mappings.1_21_1.layered+hash.2198-v2.jar:?]
	at net.fabricmc.loader.impl.game.minecraft.MinecraftGameProvider.launch(MinecraftGameProvider.java:514) [fabric-loader-0.19.3.jar:?]
	at net.fabricmc.loader.impl.launch.knot.Knot.launch(Knot.java:72) [fabric-loader-0.19.3.jar:?]
	at net.fabricmc.loader.impl.launch.knot.KnotClient.main(KnotClient.java:23) [fabric-loader-0.19.3.jar:?]
	at net.fabricmc.devlaunchinjector.Main.main(Main.java:86) [dev-launch-injector-0.2.1+build.8.jar:?]
Caused by: java.lang.UnsatisfiedLinkError: Unable to load library 'flite':
libflite.so: cannot open shared object file: No such file or directory
libflite.so: cannot open shared object file: No such file or directory
Native library (linux-x86-64/libflite.so) not found in resource path (/home/runner/work/mod-sample/mod-sample/.ci/atmospherics/work/build/classes/java/main:/home/runner/work/mod-sample/mod-sample/.ci/atmospherics/work/build/resources/main:/home/runner/.gradle/caches/fabric-loom/1.21.1/loom.mappings.1_21_1.layered+hash.2198-v2/mappings.jar:/home/runner/.gradle/caches/modules-2/files-2.1/org.ow2.asm/asm/9.10.1/ada2141c0cc52ee8f5c48cd5fa4ce0e794f22236/asm-9.10.1.jar:/home/runner/.gradle/caches/modules-2/files-2.1/org.ow2.asm/asm-analysis/9.10.1/8d49f14d51f632cb1d87c88d1ceaf50db0d8af1b/asm-analysis-9.10.1.jar:/home/runner/.gradle/caches/modules-2/files-2.1/org.ow2.asm/asm-commons/9.10.1/4229e4c55fd8e01c23f9fe9884075cc628aacc50/asm-commons-9.10.1.jar:/home/runner/.gradle/caches/modules-2/files-2.1/org.ow2.asm/asm-tree/9.10.1/e244332a17564c1d1572449399a842de35881be2/asm-tree-9.10.1.jar:/home/runner/.gradle/caches/modules-2/files-2.1/org.ow2.asm/asm-util/9.10.1/7bb9d450e8d4cbf9f9e04096c44bbfe7fba80b15/asm-util-9.10.1.jar:/home/runner/.gradle/caches/modules-2/files-2.1/net.fabricmc/sponge-mixin/0.17.3+mixin.0.8.7/41c4a3984a80f4679e759fb9f495587acc5cdac7/sponge-mixin-0.17.3+mixin.0.8.7.jar:/home/runner/.gradle/caches/modules-2/files-2.1/io.github.llamalad7/mixinextras-fabric/0.5.4/5e167154bcb9942111313a5e186e16cd7265f858/mixinextras-fabric-0.5.4.jar:/home/runner/.gradle/caches/modules-2/files-2.1/net.fabricmc/dev-launch-injector/0.2.1+build.8/da8bef7e6e2f952da707f282bdb46882a0fce5e3/dev-launch-injector-0.2.1+build.8.jar:/home/runner/.gradle/caches/modules-2/files-2.1/net.minecrell/terminalconsoleappender/1.3.0/b562e9bb61235c9520e26282cdee71f8f802d1fc/terminalconsoleappender-1.3.0.jar:/home/runner/.gradle/caches/modules-2/files-2.1/com.github.oshi/oshi-core/6.4.10/b1d8ab82d11d92fd639b56d639f8f46f739dd5fa/oshi-core-6.4.10.jar:/home/runner/.gradle/caches/modules-2/files-2.1/com.google.code.gson/gson/2.10.1/b3add478d4382b78ea20b1671390a858002feb6c/gson-2.10.1.jar:/home/runner/.gradle/caches/modules-2/files-2.1/com.google.guava/failureaccess/1.0.1/1dcf1de382a0bf95a3d8b0849546c88bac1292c9/failureaccess-1.0.1.jar:/home/runner/.gradle/caches/modules-2/files-2.1/com.google.guava/guava/32.1.2-jre/5e64ec7e056456bef3a4bc4c6fdaef71e8ab6318/guava-32.1.2-jre.jar:/home/runner/.gradle/caches/modules-2/files-2.1/com.ibm.icu/icu4j/73.2/61ad4ef7f9131fcf6d25c34b817f90d6da06c9e9/icu4j-73.2.jar:/home/runner/.gradle/caches/modules-2/files-2.1/com.mojang/authlib/6.0.54/de8bc95660e1b2fe8793fd427a7a10dcec5b3ea7/authlib-6.0.54.jar:/home/runner/.gradle/caches/modules-2/files-2.1/com.mojang/blocklist/1.0.10/5c685c5ffa94c4cd39496c7184c1d122e515ecef/blocklist-1.0.10.jar:/home/runner/.gradle/caches/modules-2/files-2.1/com.mojang/brigadier/1.3.10/d15b53a14cf20fdcaa98f731af5dda654452c010/brigadier-1.3.10.jar:/home/runner/.gradle/caches/modules-2/files-2.1/com.mojang/datafixerupper/8.0.16/67d4de6d7f95d89bcf5862995fb854ebaec02a34/datafixerupper-8.0.16.jar:/home/runner/.gradle/caches/modules-2/files-2.1/com.mojang/logging/1.2.7/24cb95ffb0e3433fd6e844c04e68009e504ca1c0/logging-1.2.7.jar:/home/runner/.gradle/caches/modules-2/files-2.1/com.mojang/patchy/2.2.10/da05971b07cbb379d002cf7eaec6a2048211fefc/patchy-2.2.10.jar:/home/runner/.gradle/caches/modules-2/files-2.1/com.mojang/text2speech/1.17.9/3cad216e3a7f0c19b4b394388bc9ffc446f13b14/text2speech-1.17.9.jar:/home/runner/.gradle/caches/modules-2/files-2.1/commons-codec/commons-codec/1.16.0/4e3eb3d79888d76b54e28b350915b5dc3919c9de/commons-codec-1.16.0.jar:/home/runner/.gradle/caches/modules-2/files-2.1/commons-io/commons-io/2.15.1/f11560da189ab563a5c8e351941415430e9304ea/commons-io-2.15.1.jar:/home/runner/.gradle/caches/modules-2/files-2.1/commons-logging/commons-logging/1.2/4bfc12adfe4842bf07b657f0369c4cb522955686/commons-logging-1.2.jar:/home/runner/.gradle/caches/modules-2/files-2.1/io.netty/netty-buffer/4.1.97.Final/f8f3d8644afa5e6e1a40a3a6aeb9d9aa970ecb4f/netty-buffer-4.1.97.Final.jar:/home/runner/.gradle/caches/modules-2/files-2.1/io.netty/netty-codec/4.1.97.Final/384ba4d75670befbedb45c4d3b497a93639c206d/netty-codec-4.1.97.Final.jar:/home/runner/.gradle/caches/modules-2/files-2.1/io.netty/netty-common/4.1.97.Final/7cceacaf11df8dc63f23d0fb58e9d4640fc88404/netty-common-4.1.97.Final.jar:/home/runner/.gradle/caches/modules-2/files-2.1/io.netty/netty-handler/4.1.97.Final/abb86c6906bf512bf2b797a41cd7d2e8d3cd7c36/netty-handler-4.1.97.Final.jar:/home/runner/.gradle/caches/modules-2/files-2.1/io.netty/netty-resolver/4.1.97.Final/cec8348108dc76c47cf87c669d514be52c922144/netty-resolver-4.1.97.Final.jar:/home/runner/.gradle/caches/modules-2/files-2.1/io.netty/netty-transport-classes-epoll/4.1.97.Final/795da37ded759e862457a82d9d92c4d39ce8ecee/netty-transport-classes-epoll-4.1.97.Final.jar:/home/runner/.gradle/caches/modules-2/files-2.1/io.netty/netty-transport-native-epoll/4.1.97.Final/5514744c588190ffda076b35a9b8c9f24946a960/netty-transport-native-epoll-4.1.97.Final-linux-aarch_64.jar:/home/runner/.gradle/caches/modules-2/files-2.1/io.netty/netty-transport-native-epoll/4.1.97.Final/54188f271e388e7f313aea995e82f58ce2cdb809/netty-transport-native-epoll-4.1.97.Final-linux-x86_64.jar:/home/runner/.gradle/caches/modules-2/files-2.1/io.netty/netty-transport-native-unix-common/4.1.97.Final/d469d84265ab70095b01b40886cabdd433b6e664/netty-transport-native-unix-common-4.1.97.Final.jar:/home/runner/.gradle/caches/modules-2/files-2.1/io.netty/netty-transport/4.1.97.Final/f37380d23c9bb079bc702910833b2fd532c9abd0/netty-transport-4.1.97.Final.jar:/home/runner/.gradle/caches/modules-2/files-2.1/it.unimi.dsi/fastutil/8.5.12/c24946d46824bd528054bface3231d2ecb7e95e8/fastutil-8.5.12.jar:/home/runner/.gradle/caches/modules-2/files-2.1/net.java.dev.jna/jna-platform/5.14.0/28934d48aed814f11e4c584da55c49fa7032b31b/jna-platform-5.14.0.jar:/home/runner/.gradle/caches/modules-2/files-2.1/net.java.dev.jna/jna/5.14.0/67bf3eaea4f0718cb376a181a629e5f88fa1c9dd/jna-5.14.0.jar:/home/runner/.gradle/caches/modules-2/files-2.1/net.sf.jopt-simple/jopt-simple/5.0.4/4fdac2fbe92dfad86aa6e9301736f6b4342a3f5c/jopt-simple-5.0.4.jar:/home/runner/.gradle/caches/modules-2/files-2.1/org.apache.commons/commons-compress/1.26.0/659feffdd12280201c8aacb8f7be94f9a883c824/commons-compress-1.26.0.jar:/home/runner/.gradle/caches/modules-2/files-2.1/org.apache.commons/commons-lang3/3.14.0/1ed471194b02f2c6cb734a0cd6f6f107c673afae/commons-lang3-3.14.0.jar:/home/runner/.gradle/caches/modules-2/files-2.1/org.apache.httpcomponents/httpclient/4.5.13/e5f6cae5ca7ecaac1ec2827a9e2d65ae2869cada/httpclient-4.5.13.jar:/home/runner/.gradle/caches/modules-2/files-2.1/org.apache.httpcomponents/httpcore/4.4.16/51cf043c87253c9f58b539c9f7e44c8894223850/httpcore-4.4.16.jar:/home/runner/.gradle/caches/modules-2/files-2.1/org.apache.logging.log4j/log4j-core/2.22.1/7183a25510a02ad00cc6a95d3b3d2a7d3c5a8dc4/log4j-core-2.22.1.jar:/home/runner/.gradle/caches/modules-2/files-2.1/org.apache.logging.log4j/log4j-api/2.22.1/bea6fede6328fabafd7e68363161a7ea6605abd1/log4j-api-2.22.1.jar:/home/runner/.gradle/caches/modules-2/files-2.1/org.apache.logging.log4j/log4j-slf4j2-impl/2.22.1/d7e6693c2606cb7e7335047d7bb96dec52db5665/log4j-slf4j2-impl-2.22.1.jar:/home/runner/.gradle/caches/modules-2/files-2.1/org.jcraft/jorbis/0.0.17/8872d22b293e8f5d7d56ff92be966e6dc28ebdc6/jorbis-0.0.17.jar:/home/runner/.gradle/caches/modules-2/files-2.1/org.joml/joml/1.10.5/22566d58af70ad3d72308bab63b8339906deb649/joml-1.10.5.jar:/home/runner/.gradle/caches/modules-2/files-2.1/org.lwjgl/lwjgl-freetype/3.3.3/a0db6c84a8becc8ca05f9dbfa985edc348a824c7/lwjgl-freetype-3.3.3.jar:/home/runner/.gradle/caches/modules-2/files-2.1/org.lwjgl/lwjgl-freetype/3.3.3/149070a5480900347071b7074779531f25a6e3dc/lwjgl-freetype-3.3.3-natives-linux.jar:/home/runner/.gradle/caches/modules-2/files-2.1/org.lwjgl/lwjgl-glfw/3.3.3/efa1eb78c5ccd840e9f329717109b5e892d72f8e/lwjgl-glfw-3.3.3.jar:/home/runner/.gradle/caches/modules-2/files-2.1/org.lwjgl/lwjgl-glfw/3.3.3/a03684c5e4b1b1dbbe0d29dbbdc27b985b6840f2/lwjgl-glfw-3.3.3-natives-linux.jar:/home/runner/.gradle/caches/modules-2/files-2.1/org.lwjgl/lwjgl-jemalloc/3.3.3/b543467b7ff3c6920539a88ee602d34098628be5/lwjgl-jemalloc-3.3.3.jar:/home/runner/.gradle/caches/modules-2/files-2.1/org.lwjgl/lwjgl-jemalloc/3.3.3/4f86728bf449b1dd61251c4e0ac01df1389cb51e/lwjgl-jemalloc-3.3.3-natives-linux.jar:/home/runner/.gradle/caches/modules-2/files-2.1/org.lwjgl/lwjgl-openal/3.3.3/daada81ceb5fc0c291fbfdd4433cb8d9423577f2/lwjgl-openal-3.3.3.jar:/home/runner/.gradle/caches/modules-2/files-2.1/org.lwjgl/lwjgl-openal/3.3.3/3037360cc4595079bea240af250b6d1a527e0905/lwjgl-openal-3.3.3-natives-linux.jar:/home/runner/.gradle/caches/modules-2/files-2.1/org.lwjgl/lwjgl-opengl/3.3.3/2f6b0147078396a58979125a4c947664e98293a/lwjgl-opengl-3.3.3.jar:/home/runner/.gradle/caches/modules-2/files-2.1/org.lwjgl/lwjgl-opengl/3.3.3/62c70a4b00ca5391882b0f4b787c1588d24f1c86/lwjgl-opengl-3.3.3-natives-linux.jar:/home/runner/.gradle/caches/modules-2/files-2.1/org.lwjgl/lwjgl-stb/3.3.3/25dd6161988d7e65f71d5065c99902402ee32746/lwjgl-stb-3.3.3.jar:/home/runner/.gradle/caches/modules-2/files-2.1/org.lwjgl/lwjgl-stb/3.3.3/fd1271ccd9d85eff2fa31f3fd543e02ccfaf5041/lwjgl-stb-3.3.3-natives-linux.jar:/home/runner/.gradle/caches/modules-2/files-2.1/org.lwjgl/lwjgl-tinyfd/3.3.3/82d755ca94b102e9ca77283b9e2dc46d1b15fbe5/lwjgl-tinyfd-3.3.3.jar:/home/runner/.gradle/caches/modules-2/files-2.1/org.lwjgl/lwjgl-tinyfd/3.3.3/d8d58daa0c3e5fd906fee96f5fddbcbc07cc308b/lwjgl-tinyfd-3.3.3-natives-linux.jar:/home/runner/.gradle/caches/modules-2/files-2.1/org.lwjgl/lwjgl/3.3.3/29589b5f87ed335a6c7e7ee6a5775f81f97ecb84/lwjgl-3.3.3.jar:/home/runner/.gradle/caches/modules-2/files-2.1/org.lwjgl/lwjgl/3.3.3/1713758e3660ba66e1e954396fd18126038b33c0/lwjgl-3.3.3-natives-linux.jar:/home/runner/.gradle/caches/modules-2/files-2.1/org.lz4/lz4-java/1.8.0/4b986a99445e49ea5fbf5d149c4b63f6ed6c6780/lz4-java-1.8.0.jar:/home/runner/.gradle/caches/modules-2/files-2.1/org.slf4j/slf4j-api/2.0.9/7cf2726fdcfbc8610f9a71fb3ed639871f315340/slf4j-api-2.0.9.jar:/home/runner/work/mod-sample/mod-sample/.ci/atmospherics/work/.gradle/loom-cache/minecraftMaven/net/minecraft/minecraft-merged-8bc85877dd/1.21.1-loom.mappings.1_21_1.layered+hash.2198-v2/minecraft-merged-8bc85877dd-1.21.1-loom.mappings.1_21_1.layered+hash.2198-v2.jar:/home/runner/.gradle/caches/modules-2/files-2.1/net.fabricmc/fabric-loader/0.19.3/354dfaa02d0552e11867f85dff7cdbfaf813ba3e/fabric-loader-0.19.3.jar:/home/runner/work/mod-sample/mod-sample/.ci/atmospherics/work/.gradle/loom-cache/remapped_mods/loom_mappings_1_21_1_layered_hash_2198_v2/net/fabricmc/fabric-api/fabric-api/0.116.7+1.21.1/fabric-api-0.116.7+1.21.1.jar:/home/runner/work/mod-sample/mod-sample/.ci/atmospherics/work/.gradle/loom-cache/remapped_mods/loom_mappings_1_21_1_layered_hash_2198_v2/net/fabricmc/fabric-api/fabric-transfer-api-v1/5.4.3+c24bd99419/fabric-transfer-api-v1-5.4.3+c24bd99419.jar:/home/runner/work/mod-sample/mod-sample/.ci/atmospherics/work/.gradle/loom-cache/remapped_mods/loom_mappings_1_21_1_layered_hash_2198_v2/net/fabricmc/fabric-api/fabric-api-lookup-api-v1/1.6.71+b559734419/fabric-api-lookup-api-v1-1.6.71+b559734419.jar:/home/runner/work/mod-sample/mod-sample/.ci/atmospherics/work/.gradle/loom-cache/remapped_mods/loom_mappings_1_21_1_layered_hash_2198_v2/net/fabricmc/fabric-api/fabric-blockrenderlayer-v1/1.1.52+0af3f5a719/fabric-blockrenderlayer-v1-1.1.52+0af3f5a719.jar:/home/runner/work/mod-sample/mod-sample/.ci/atmospherics/work/.gradle/loom-cache/remapped_mods/loom_mappings_1_21_1_layered_hash_2198_v2/net/fabricmc/fabric-api/fabric-client-tags-api-v1/1.1.15+6573ed8c19/fabric-client-tags-api-v1-1.1.15+6573ed8c19.jar:/home/runner/work/mod-sample/mod-sample/.ci/atmospherics/work/.gradle/loom-cache/remapped_mods/loom_mappings_1_21_1_layered_hash_2198_v2/net/fabricmc/fabric-api/fabric-command-api-v1/1.2.49+f71b366f19/fabric-command-api-v1-1.2.49+f71b366f19.jar:/home/runner/work/mod-sample/mod-sample/.ci/atmospherics/work/.gradle/loom-cache/remapped_mods/loom_mappings_1_21_1_layered_hash_2198_v2/net/fabricmc/fabric-api/fabric-commands-v0/0.2.66+df3654b319/fabric-commands-v0-0.2.66+df3654b319.jar:/home/runner/work/mod-sample/mod-sample/.ci/atmospherics/work/.gradle/loom-cache/remapped_mods/loom_mappings_1_21_1_layered_hash_2198_v2/net/fabricmc/fabric-api/fabric-command-api-v2/2.2.28+6ced4dd919/fabric-command-api-v2-2.2.28+6ced4dd919.jar:/home/runner/work/mod-sample/mod-sample/.ci/atmospherics/work/.gradle/loom-cache/remapped_mods/loom_mappings_1_21_1_layered_hash_2198_v2/net/fabricmc/fabric-api/fabric-content-registries-v0/8.0.19+b559734419/fabric-content-registries-v0-8.0.19+b559734419.jar:/home/runner/work/mod-sample/mod-sample/.ci/atmospherics/work/.gradle/loom-cache/remapped_mods/loom_mappings_1_21_1_layered_hash_2198_v2/net/fabricmc/fabric-api/fabric-data-generation-api-v1/20.2.34+37516cd619/fabric-data-generation-api-v1-20.2.34+37516cd619.jar:/home/runner/work/mod-sample/mod-sample/.ci/atmospherics/work/.gradle/loom-cache/remapped_mods/loom_mappings_1_21_1_layered_hash_2198_v2/net/fabricmc/fabric-api/fabric-convention-tags-v1/2.1.5+7f945d5b19/fabric-convention-tags-v1-2.1.5+7f945d5b19.jar:/home/runner/work/mod-sample/mod-sample/.ci/atmospherics/work/.gradle/loom-cache/remapped_mods/loom_mappings_1_21_1_layered_hash_2198_v2/net/fabricmc/fabric-api/fabric-convention-tags-v2/2.11.1+a406e79519/fabric-convention-tags-v2-2.11.1+a406e79519.jar:/home/runner/work/mod-sample/mod-sample/.ci/atmospherics/work/.gradle/loom-cache/remapped_mods/loom_mappings_1_21_1_layered_hash_2198_v2/net/fabricmc/fabric-api/fabric-data-attachment-api-v1/1.4.5+6116a37819/fabric-data-attachment-api-v1-1.4.5+6116a37819.jar:/home/runner/work/mod-sample/mod-sample/.ci/atmospherics/work/.gradle/loom-cache/remapped_mods/loom_mappings_1_21_1_layered_hash_2198_v2/net/fabricmc/fabric-api/fabric-entity-events-v1/1.8.0+2b27e0a419/fabric-entity-events-v1-1.8.0+2b27e0a419.jar:/home/runner/work/mod-sample/mod-sample/.ci/atmospherics/work/.gradle/loom-cache/remapped_mods/loom_mappings_1_21_1_layered_hash_2198_v2/net/fabricmc/fabric-api/fabric-events-interaction-v0/0.7.13+ba9dae0619/fabric-events-interaction-v0-0.7.13+ba9dae0619.jar:/home/runner/work/mod-sample/mod-sample/.ci/atmospherics/work/.gradle/loom-cache/remapped_mods/loom_mappings_1_21_1_layered_hash_2198_v2/net/fabricmc/fabric-api/fabric-gametest-api-v1/2.0.5+6fc22b9919/fabric-gametest-api-v1-2.0.5+6fc22b9919.jar:/home/runner/work/mod-sample/mod-sample/.ci/atmospherics/work/.gradle/loom-cache/remapped_mods/loom_mappings_1_21_1_layered_hash_2198_v2/net/fabricmc/fabric-api/fabric-item-api-v1/11.2.0+3b3cb2e819/fabric-item-api-v1-11.2.0+3b3cb2e819.jar:/home/runner/work/mod-sample/mod-sample/.ci/atmospherics/work/.gradle/loom-cache/remapped_mods/loom_mappings_1_21_1_layered_hash_2198_v2/net/fabricmc/fabric-api/fabric-item-group-api-v1/4.1.7+def88e3a19/fabric-item-group-api-v1-4.1.7+def88e3a19.jar:/home/runner/work/mod-sample/mod-sample/.ci/atmospherics/work/.gradle/loom-cache/remapped_mods/loom_mappings_1_21_1_layered_hash_2198_v2/net/fabricmc/fabric-api/fabric-lifecycle-events-v1/2.6.0+0865547519/fabric-lifecycle-events-v1-2.6.0+0865547519.jar:/home/runner/work/mod-sample/mod-sample/.ci/atmospherics/work/.gradle/loom-cache/remapped_mods/loom_mappings_1_21_1_layered_hash_2198_v2/net/fabricmc/fabric-api/fabric-loot-api-v2/3.0.15+3f89f5a519/fabric-loot-api-v2-3.0.15+3f89f5a519.jar:/home/runner/work/mod-sample/mod-sample/.ci/atmospherics/work/.gradle/loom-cache/remapped_mods/loom_mappings_1_21_1_layered_hash_2198_v2/net/fabricmc/fabric-api/fabric-loot-api-v3/1.0.3+3f89f5a519/fabric-loot-api-v3-1.0.3+3f89f5a519.jar:/home/runner/work/mod-sample/mod-sample/.ci/atmospherics/work/.gradle/loom-cache/remapped_mods/loom_mappings_1_21_1_layered_hash_2198_v2/net/fabricmc/fabric-api/fabric-message-api-v1/6.0.14+8aaf3aca19/fabric-message-api-v1-6.0.14+8aaf3aca19.jar:/home/runner/work/mod-sample/mod-sample/.ci/atmospherics/work/.gradle/loom-cache/remapped_mods/loom_mappings_1_21_1_layered_hash_2198_v2/net/fabricmc/fabric-api/fabric-model-loading-api-v1/2.1.0+b4d813fc19/fabric-model-loading-api-v1-2.1.0+b4d813fc19.jar:/home/runner/work/mod-sample/mod-sample/.ci/atmospherics/work/.gradle/loom-cache/remapped_mods/loom_mappings_1_21_1_layered_hash_2198_v2/net/fabricmc/fabric-api/fabric-recipe-api-v1/5.0.15+2475392c19/fabric-recipe-api-v1-5.0.15+2475392c19.jar:/home/runner/work/mod-sample/mod-sample/.ci/atmospherics/work/.gradle/loom-cache/remapped_mods/loom_mappings_1_21_1_layered_hash_2198_v2/net/fabricmc/fabric-api/fabric-screen-handler-api-v1/1.3.90+b559734419/fabric-screen-handler-api-v1-1.3.90+b559734419.jar:/home/runner/work/mod-sample/mod-sample/.ci/atmospherics/work/.gradle/loom-cache/remapped_mods/loom_mappings_1_21_1_layered_hash_2198_v2/net/fabricmc/fabric-api/fabric-registry-sync-v0/5.3.1+e3eddc2119/fabric-registry-sync-v0-5.3.1+e3eddc2119.jar:/home/runner/work/mod-sample/mod-sample/.ci/atmospherics/work/.gradle/loom-cache/remapped_mods/loom_mappings_1_21_1_layered_hash_2198_v2/net/fabricmc/fabric-api/fabric-networking-api-v1/4.3.0+c7469b2119/fabric-networking-api-v1-4.3.0+c7469b2119.jar:/home/runner/work/mod-sample/mod-sample/.ci/atmospherics/work/.gradle/loom-cache/remapped_mods/loom_mappings_1_21_1_layered_hash_2198_v2/net/fabricmc/fabric-api/fabric-object-builder-api-v1/15.2.1+40875a9319/fabric-object-builder-api-v1-15.2.1+40875a9319.jar:/home/runner/work/mod-sample/mod-sample/.ci/atmospherics/work/.gradle/loom-cache/remapped_mods/loom_mappings_1_21_1_layered_hash_2198_v2/net/fabricmc/fabric-api/fabric-particles-v1/4.0.2+6573ed8c19/fabric-particles-v1-4.0.2+6573ed8c19.jar:/home/runner/work/mod-sample/mod-sample/.ci/atmospherics/work/.gradle/loom-cache/remapped_mods/loom_mappings_1_21_1_layered_hash_2198_v2/net/fabricmc/fabric-api/fabric-renderer-indigo/1.7.1+c705a49c19/fabric-renderer-indigo-1.7.1+c705a49c19.jar:/home/runner/work/mod-sample/mod-sample/.ci/atmospherics/work/.gradle/loom-cache/remapped_mods/loom_mappings_1_21_1_layered_hash_2198_v2/net/fabricmc/fabric-api/fabric-renderer-api-v1/3.4.1+b4d813fc19/fabric-renderer-api-v1-3.4.1+b4d813fc19.jar:/home/runner/work/mod-sample/mod-sample/.ci/atmospherics/work/.gradle/loom-cache/remapped_mods/loom_mappings_1_21_1_layered_hash_2198_v2/net/fabricmc/fabric-api/fabric-rendering-fluids-v1/3.1.6+1daea21519/fabric-rendering-fluids-v1-3.1.6+1daea21519.jar:/home/runner/work/mod-sample/mod-sample/.ci/atmospherics/work/.gradle/loom-cache/remapped_mods/loom_mappings_1_21_1_layered_hash_2198_v2/net/fabricmc/fabric-api/fabric-renderer-registries-v1/3.2.69+df3654b319/fabric-renderer-registries-v1-3.2.69+df3654b319.jar:/home/runner/work/mod-sample/mod-sample/.ci/atmospherics/work/.gradle/loom-cache/remapped_mods/loom_mappings_1_21_1_layered_hash_2198_v2/net/fabricmc/fabric-api/fabric-rendering-v0/1.1.72+df3654b319/fabric-rendering-v0-1.1.72+df3654b319.jar:/home/runner/work/mod-sample/mod-sample/.ci/atmospherics/work/.gradle/loom-cache/remapped_mods/loom_mappings_1_21_1_layered_hash_2198_v2/net/fabricmc/fabric-api/fabric-rendering-v1/5.1.0+ab4c25a019/fabric-rendering-v1-5.1.0+ab4c25a019.jar:/home/runner/work/mod-sample/mod-sample/.ci/atmospherics/work/.gradle/loom-cache/remapped_mods/loom_mappings_1_21_1_layered_hash_2198_v2/net/fabricmc/fabric-api/fabric-screen-api-v1/2.0.25+8b68f1c719/fabric-screen-api-v1-2.0.25+8b68f1c719.jar:/home/runner/work/mod-sample/mod-sample/.ci/atmospherics/work/.gradle/loom-cache/remapped_mods/loom_mappings_1_21_1_layered_hash_2198_v2/net/fabricmc/fabric-api/fabric-api-base/0.4.42+6573ed8c19/fabric-api-base-0.4.42+6573ed8c19.jar:/home/runner/work/mod-sample/mod-sample/.ci/atmospherics/work/.gradle/loom-cache/remapped_mods/loom_mappings_1_21_1_layered_hash_2198_v2/net/fabricmc/fabric-api/fabric-biome-api-v1/13.0.31+d527f9fd19/fabric-biome-api-v1-13.0.31+d527f9fd19.jar:/home/runner/work/mod-sample/mod-sample/.ci/atmospherics/work/.gradle/loom-cache/remapped_mods/loom_mappings_1_21_1_layered_hash_2198_v2/net/fabricmc/fabric-api/fabric-block-api-v1/1.1.0+0bc3503219/fabric-block-api-v1-1.1.0+0bc3503219.jar:/home/runner/work/mod-sample/mod-sample/.ci/atmospherics/work/.gradle/loom-cache/remapped_mods/loom_mappings_1_21_1_layered_hash_2198_v2/net/fabricmc/fabric-api/fabric-rendering-data-attachment-v1/0.3.49+73761d2e19/fabric-rendering-data-attachment-v1-0.3.49+73761d2e19.jar:/home/runner/work/mod-sample/mod-sample/.ci/atmospherics/work/.gradle/loom-cache/remapped_mods/loom_mappings_1_21_1_layered_hash_2198_v2/net/fabricmc/fabric-api/fabric-block-view-api-v2/1.0.11+ebb2264e19/fabric-block-view-api-v2-1.0.11+ebb2264e19.jar:/home/runner/work/mod-sample/mod-sample/.ci/atmospherics/work/.gradle/loom-cache/remapped_mods/loom_mappings_1_21_1_layered_hash_2198_v2/net/fabricmc/fabric-api/fabric-crash-report-info-v1/0.2.29+0af3f5a719/fabric-crash-report-info-v1-0.2.29+0af3f5a719.jar:/home/runner/work/mod-sample/mod-sample/.ci/atmospherics/work/.gradle/loom-cache/remapped_mods/loom_mappings_1_21_1_layered_hash_2198_v2/net/fabricmc/fabric-api/fabric-dimensions-v1/4.0.1+65213ef819/fabric-dimensions-v1-4.0.1+65213ef819.jar:/home/runner/work/mod-sample/mod-sample/.ci/atmospherics/work/.gradle/loom-cache/remapped_mods/loom_mappings_1_21_1_layered_hash_2198_v2/net/fabricmc/fabric-api/fabric-game-rule-api-v1/1.0.53+6ced4dd919/fabric-game-rule-api-v1-1.0.53+6ced4dd919.jar:/home/runner/work/mod-sample/mod-sample/.ci/atmospherics/work/.gradle/loom-cache/remapped_mods/loom_mappings_1_21_1_layered_hash_2198_v2/net/fabricmc/fabric-api/fabric-keybindings-v0/0.2.45+df3654b319/fabric-keybindings-v0-0.2.45+df3654b319.jar:/home/runner/work/mod-sample/mod-sample/.ci/atmospherics/work/.gradle/loom-cache/remapped_mods/loom_mappings_1_21_1_layered_hash_2198_v2/net/fabricmc/fabric-api/fabric-key-binding-api-v1/1.0.47+0af3f5a719/fabric-key-binding-api-v1-1.0.47+0af3f5a719.jar:/home/runner/work/mod-sample/mod-sample/.ci/atmospherics/work/.gradle/loom-cache/remapped_mods/loom_mappings_1_21_1_layered_hash_2198_v2/net/fabricmc/fabric-api/fabric-resource-conditions-api-v1/4.3.0+8dc279b119/fabric-resource-conditions-api-v1-4.3.0+8dc279b119.jar:/home/runner/work/mod-sample/mod-sample/.ci/atmospherics/work/.gradle/loom-cache/remapped_mods/loom_mappings_1_21_1_layered_hash_2198_v2/net/fabricmc/fabric-api/fabric-resource-loader-v0/1.3.1+5b5275af19/fabric-resource-loader-v0-1.3.1+5b5275af19.jar:/home/runner/work/mod-sample/mod-sample/.ci/atmospherics/work/.gradle/loom-cache/remapped_mods/loom_mappings_1_21_1_layered_hash_2198_v2/net/fabricmc/fabric-api/fabric-sound-api-v1/1.0.23+6573ed8c19/fabric-sound-api-v1-1.0.23+6573ed8c19.jar:/home/runner/work/mod-sample/mod-sample/.ci/atmospherics/work/.gradle/loom-cache/remapped_mods/loom_mappings_1_21_1_layered_hash_2198_v2/net/fabricmc/fabric-api/fabric-transitive-access-wideners-v1/6.2.0+45b9699719/fabric-transitive-access-wideners-v1-6.2.0+45b9699719.jar:/home/runner/.gradle/caches/modules-2/files-2.1/curse.maven/atmospherics-1493725/8412083/470c3cdd4b9ac836f83bc57342e460abf370a78a/atmospherics-1493725-8412083.jar:/home/runner/.gradle/caches/modules-2/files-2.1/org.jline/jline-reader/3.20.0/8f15415b022a25b473e8e16c28ae913186ffb9c4/jline-reader-3.20.0.jar:/home/runner/.gradle/caches/modules-2/files-2.1/org.jline/jline-terminal/3.20.0/d0ddcc708ddf527a3454c941b7b9225cc83a15ff/jline-terminal-3.20.0.jar)
	at knot/com.sun.jna.NativeLibrary.loadLibrary(NativeLibrary.java:325) ~[jna-5.14.0.jar:?]
	at knot/com.sun.jna.NativeLibrary.getInstance(NativeLibrary.java:481) ~[jna-5.14.0.jar:?]
	at knot/com.sun.jna.NativeLibrary.getInstance(NativeLibrary.java:423) ~[jna-5.14.0.jar:?]
	at knot/com.mojang.text2speech.NarratorLinux$FliteLibrary.loadNative(NarratorLinux.java:67) ~[text2speech-1.17.9.jar:?]
	... 9 more
	Suppressed: java.lang.UnsatisfiedLinkError: libflite.so: cannot open shared object file: No such file or directory
		at knot/com.sun.jna.Native.open(Native Method) ~[jna-5.14.0.jar:?]
		at knot/com.sun.jna.NativeLibrary.loadLibrary(NativeLibrary.java:213) ~[jna-5.14.0.jar:?]
		at knot/com.sun.jna.NativeLibrary.getInstance(NativeLibrary.java:481) ~[jna-5.14.0.jar:?]
		at knot/com.sun.jna.NativeLibrary.getInstance(NativeLibrary.java:423) ~[jna-5.14.0.jar:?]
		at knot/com.mojang.text2speech.NarratorLinux$FliteLibrary.loadNative(NarratorLinux.java:67) ~[text2speech-1.17.9.jar:?]
		at knot/com.mojang.text2speech.NarratorLinux.<init>(NarratorLinux.java:18) ~[text2speech-1.17.9.jar:?]
		at knot/com.mojang.text2speech.Narrator.getNarrator(Narrator.java:41) [text2speech-1.17.9.jar:?]
		at knot/net.minecraft.client.GameNarrator.<init>(GameNarrator.java:19) [minecraft-merged-8bc85877dd-1.21.1-loom.mappings.1_21_1.layered+hash.2198-v2.jar:?]
		at knot/net.minecraft.client.Minecraft.<init>(Minecraft.java:675) [minecraft-merged-8bc85877dd-1.21.1-loom.mappings.1_21_1.layered+hash.2198-v2.jar:?]
		at knot/net.minecraft.client.main.Main.main(Main.java:239) [minecraft-merged-8bc85877dd-1.21.1-loom.mappings.1_21_1.layered+hash.2198-v2.jar:?]
		at net.fabricmc.loader.impl.game.minecraft.MinecraftGameProvider.launch(MinecraftGameProvider.java:514) [fabric-loader-0.19.3.jar:?]
		at net.fabricmc.loader.impl.launch.knot.Knot.launch(Knot.java:72) [fabric-loader-0.19.3.jar:?]
		at net.fabricmc.loader.impl.launch.knot.KnotClient.main(KnotClient.java:23) [fabric-loader-0.19.3.jar:?]
		at net.fabricmc.devlaunchinjector.Main.main(Main.java:86) [dev-launch-injector-0.2.1+build.8.jar:?]
	Suppressed: java.lang.UnsatisfiedLinkError: libflite.so: cannot open shared object file: No such file or directory
		at knot/com.sun.jna.Native.open(Native Method) ~[jna-5.14.0.jar:?]
		at knot/com.sun.jna.NativeLibrary.loadLibrary(NativeLibrary.java:226) ~[jna-5.14.0.jar:?]
		at knot/com.sun.jna.NativeLibrary.getInstance(NativeLibrary.java:481) ~[jna-5.14.0.jar:?]
		at knot/com.sun.jna.NativeLibrary.getInstance(NativeLibrary.java:423) ~[jna-5.14.0.jar:?]
		at knot/com.mojang.text2speech.NarratorLinux$FliteLibrary.loadNative(NarratorLinux.java:67) ~[text2speech-1.17.9.jar:?]
		at knot/com.mojang.text2speech.NarratorLinux.<init>(NarratorLinux.java:18) ~[text2speech-1.17.9.jar:?]
		at knot/com.mojang.text2speech.Narrator.getNarrator(Narrator.java:41) [text2speech-1.17.9.jar:?]
		at knot/net.minecraft.client.GameNarrator.<init>(GameNarrator.java:19) [minecraft-merged-8bc85877dd-1.21.1-loom.mappings.1_21_1.layered+hash.2198-v2.jar:?]
		at knot/net.minecraft.client.Minecraft.<init>(Minecraft.java:675) [minecraft-merged-8bc85877dd-1.21.1-loom.mappings.1_21_1.layered+hash.2198-v2.jar:?]
		at knot/net.minecraft.client.main.Main.main(Main.java:239) [minecraft-merged-8bc85877dd-1.21.1-loom.mappings.1_21_1.layered+hash.2198-v2.jar:?]
		at net.fabricmc.loader.impl.game.minecraft.MinecraftGameProvider.launch(MinecraftGameProvider.java:514) [fabric-loader-0.19.3.jar:?]
		at net.fabricmc.loader.impl.launch.knot.Knot.launch(Knot.java:72) [fabric-loader-0.19.3.jar:?]
		at net.fabricmc.loader.impl.launch.knot.KnotClient.main(KnotClient.java:23) [fabric-loader-0.19.3.jar:?]
		at net.fabricmc.devlaunchinjector.Main.main(Main.java:86) [dev-launch-injector-0.2.1+build.8.jar:?]
	Suppressed: java.io.IOException: Native library (linux-x86-64/libflite.so) not found in resource path (/home/runner/work/mod-sample/mod-sample/.ci/atmospherics/work/build/classes/java/main:/home/runner/work/mod-sample/mod-sample/.ci/atmospherics/work/build/resources/main:/home/runner/.gradle/caches/fabric-loom/1.21.1/loom.mappings.1_21_1.layered+hash.2198-v2/mappings.jar:/home/runner/.gradle/caches/modules-2/files-2.1/org.ow2.asm/asm/9.10.1/ada2141c0cc52ee8f5c48cd5fa4ce0e794f22236/asm-9.10.1.jar:/home/runner/.gradle/caches/modules-2/files-2.1/org.ow2.asm/asm-analysis/9.10.1/8d49f14d51f632cb1d87c88d1ceaf50db0d8af1b/asm-analysis-9.10.1.jar:/home/runner/.gradle/caches/modules-2/files-2.1/org.ow2.asm/asm-commons/9.10.1/4229e4c55fd8e01c23f9fe9884075cc628aacc50/asm-commons-9.10.1.jar:/home/runner/.gradle/caches/modules-2/files-2.1/org.ow2.asm/asm-tree/9.10.1/e244332a17564c1d1572449399a842de35881be2/asm-tree-9.10.1.jar:/home/runner/.gradle/caches/modules-2/files-2.1/org.ow2.asm/asm-util/9.10.1/7bb9d450e8d4cbf9f9e04096c44bbfe7fba80b15/asm-util-9.10.1.jar:/home/runner/.gradle/caches/modules-2/files-2.1/net.fabricmc/sponge-mixin/0.17.3+mixin.0.8.7/41c4a3984a80f4679e759fb9f495587acc5cdac7/sponge-mixin-0.17.3+mixin.0.8.7.jar:/home/runner/.gradle/caches/modules-2/files-2.1/io.github.llamalad7/mixinextras-fabric/0.5.4/5e167154bcb9942111313a5e186e16cd7265f858/mixinextras-fabric-0.5.4.jar:/home/runner/.gradle/caches/modules-2/files-2.1/net.fabricmc/dev-launch-injector/0.2.1+build.8/da8bef7e6e2f952da707f282bdb46882a0fce5e3/dev-launch-injector-0.2.1+build.8.jar:/home/runner/.gradle/caches/modules-2/files-2.1/net.minecrell/terminalconsoleappender/1.3.0/b562e9bb61235c9520e26282cdee71f8f802d1fc/terminalconsoleappender-1.3.0.jar:/home/runner/.gradle/caches/modules-2/files-2.1/com.github.oshi/oshi-core/6.4.10/b1d8ab82d11d92fd639b56d639f8f46f739dd5fa/oshi-core-6.4.10.jar:/home/runner/.gradle/caches/modules-2/files-2.1/com.google.code.gson/gson/2.10.1/b3add478d4382b78ea20b1671390a858002feb6c/gson-2.10.1.jar:/home/runner/.gradle/caches/modules-2/files-2.1/com.google.guava/failureaccess/1.0.1/1dcf1de382a0bf95a3d8b0849546c88bac1292c9/failureaccess-1.0.1.jar:/home/runner/.gradle/caches/modules-2/files-2.1/com.google.guava/guava/32.1.2-jre/5e64ec7e056456bef3a4bc4c6fdaef71e8ab6318/guava-32.1.2-jre.jar:/home/runner/.gradle/caches/modules-2/files-2.1/com.ibm.icu/icu4j/73.2/61ad4ef7f9131fcf6d25c34b817f90d6da06c9e9/icu4j-73.2.jar:/home/runner/.gradle/caches/modules-2/files-2.1/com.mojang/authlib/6.0.54/de8bc95660e1b2fe8793fd427a7a10dcec5b3ea7/authlib-6.0.54.jar:/home/runner/.gradle/caches/modules-2/files-2.1/com.mojang/blocklist/1.0.10/5c685c5ffa94c4cd39496c7184c1d122e515ecef/blocklist-1.0.10.jar:/home/runner/.gradle/caches/modules-2/files-2.1/com.mojang/brigadier/1.3.10/d15b53a14cf20fdcaa98f731af5dda654452c010/brigadier-1.3.10.jar:/home/runner/.gradle/caches/modules-2/files-2.1/com.mojang/datafixerupper/8.0.16/67d4de6d7f95d89bcf5862995fb854ebaec02a34/datafixerupper-8.0.16.jar:/home/runner/.gradle/caches/modules-2/files-2.1/com.mojang/logging/1.2.7/24cb95ffb0e3433fd6e844c04e68009e504ca1c0/logging-1.2.7.jar:/home/runner/.gradle/caches/modules-2/files-2.1/com.mojang/patchy/2.2.10/da05971b07cbb379d002cf7eaec6a2048211fefc/patchy-2.2.10.jar:/home/runner/.gradle/caches/modules-2/files-2.1/com.mojang/text2speech/1.17.9/3cad216e3a7f0c19b4b394388bc9ffc446f13b14/text2speech-1.17.9.jar:/home/runner/.gradle/caches/modules-2/files-2.1/commons-codec/commons-codec/1.16.0/4e3eb3d79888d76b54e28b350915b5dc3919c9de/commons-codec-1.16.0.jar:/home/runner/.gradle/caches/modules-2/files-2.1/commons-io/commons-io/2.15.1/f11560da189ab563a5c8e351941415430e9304ea/commons-io-2.15.1.jar:/home/runner/.gradle/caches/modules-2/files-2.1/commons-logging/commons-logging/1.2/4bfc12adfe4842bf07b657f0369c4cb522955686/commons-logging-1.2.jar:/home/runner/.gradle/caches/modules-2/files-2.1/io.netty/netty-buffer/4.1.97.Final/f8f3d8644afa5e6e1a40a3a6aeb9d9aa970ecb4f/netty-buffer-4.1.97.Final.jar:/home/runner/.gradle/caches/modules-2/files-2.1/io.netty/netty-codec/4.1.97.Final/384ba4d75670befbedb45c4d3b497a93639c206d/netty-codec-4.1.97.Final.jar:/home/runner/.gradle/caches/modules-2/files-2.1/io.netty/netty-common/4.1.97.Final/7cceacaf11df8dc63f23d0fb58e9d4640fc88404/netty-common-4.1.97.Final.jar:/home/runner/.gradle/caches/modules-2/files-2.1/io.netty/netty-handler/4.1.97.Final/abb86c6906bf512bf2b797a41cd7d2e8d3cd7c36/netty-handler-4.1.97.Final.jar:/home/runner/.gradle/caches/modules-2/files-2.1/io.netty/netty-resolver/4.1.97.Final/cec8348108dc76c47cf87c669d514be52c922144/netty-resolver-4.1.97.Final.jar:/home/runner/.gradle/caches/modules-2/files-2.1/io.netty/netty-transport-classes-epoll/4.1.97.Final/795da37ded759e862457a82d9d92c4d39ce8ecee/netty-transport-classes-epoll-4.1.97.Final.jar:/home/runner/.gradle/caches/modules-2/files-2.1/io.netty/netty-transport-native-epoll/4.1.97.Final/5514744c588190ffda076b35a9b8c9f24946a960/netty-transport-native-epoll-4.1.97.Final-linux-aarch_64.jar:/home/runner/.gradle/caches/modules-2/files-2.1/io.netty/netty-transport-native-epoll/4.1.97.Final/54188f271e388e7f313aea995e82f58ce2cdb809/netty-transport-native-epoll-4.1.97.Final-linux-x86_64.jar:/home/runner/.gradle/caches/modules-2/files-2.1/io.netty/netty-transport-native-unix-common/4.1.97.Final/d469d84265ab70095b01b40886cabdd433b6e664/netty-transport-native-unix-common-4.1.97.Final.jar:/home/runner/.gradle/caches/modules-2/files-2.1/io.netty/netty-transport/4.1.97.Final/f37380d23c9bb079bc702910833b2fd532c9abd0/netty-transport-4.1.97.Final.jar:/home/runner/.gradle/caches/modules-2/files-2.1/it.unimi.dsi/fastutil/8.5.12/c24946d46824bd528054bface3231d2ecb7e95e8/fastutil-8.5.12.jar:/home/runner/.gradle/caches/modules-2/files-2.1/net.java.dev.jna/jna-platform/5.14.0/28934d48aed814f11e4c584da55c49fa7032b31b/jna-platform-5.14.0.jar:/home/runner/.gradle/caches/modules-2/files-2.1/net.java.dev.jna/jna/5.14.0/67bf3eaea4f0718cb376a181a629e5f88fa1c9dd/jna-5.14.0.jar:/home/runner/.gradle/caches/modules-2/files-2.1/net.sf.jopt-simple/jopt-simple/5.0.4/4fdac2fbe92dfad86aa6e9301736f6b4342a3f5c/jopt-simple-5.0.4.jar:/home/runner/.gradle/caches/modules-2/files-2.1/org.apache.commons/commons-compress/1.26.0/659feffdd12280201c8aacb8f7be94f9a883c824/commons-compress-1.26.0.jar:/home/runner/.gradle/caches/modules-2/files-2.1/org.apache.commons/commons-lang3/3.14.0/1ed471194b02f2c6cb734a0cd6f6f107c673afae/commons-lang3-3.14.0.jar:/home/runner/.gradle/caches/modules-2/files-2.1/org.apache.httpcomponents/httpclient/4.5.13/e5f6cae5ca7ecaac1ec2827a9e2d65ae2869cada/httpclient-4.5.13.jar:/home/runner/.gradle/caches/modules-2/files-2.1/org.apache.httpcomponents/httpcore/4.4.16/51cf043c87253c9f58b539c9f7e44c8894223850/httpcore-4.4.16.jar:/home/runner/.gradle/caches/modules-2/files-2.1/org.apache.logging.log4j/log4j-core/2.22.1/7183a25510a02ad00cc6a95d3b3d2a7d3c5a8dc4/log4j-core-2.22.1.jar:/home/runner/.gradle/caches/modules-2/files-2.1/org.apache.logging.log4j/log4j-api/2.22.1/bea6fede6328fabafd7e68363161a7ea6605abd1/log4j-api-2.22.1.jar:/home/runner/.gradle/caches/modules-2/files-2.1/org.apache.logging.log4j/log4j-slf4j2-impl/2.22.1/d7e6693c2606cb7e7335047d7bb96dec52db5665/log4j-slf4j2-impl-2.22.1.jar:/home/runner/.gradle/caches/modules-2/files-2.1/org.jcraft/jorbis/0.0.17/8872d22b293e8f5d7d56ff92be966e6dc28ebdc6/jorbis-0.0.17.jar:/home/runner/.gradle/caches/modules-2/files-2.1/org.joml/joml/1.10.5/22566d58af70ad3d72308bab63b8339906deb649/joml-1.10.5.jar:/home/runner/.gradle/caches/modules-2/files-2.1/org.lwjgl/lwjgl-freetype/3.3.3/a0db6c84a8becc8ca05f9dbfa985edc348a824c7/lwjgl-freetype-3.3.3.jar:/home/runner/.gradle/caches/modules-2/files-2.1/org.lwjgl/lwjgl-freetype/3.3.3/149070a5480900347071b7074779531f25a6e3dc/lwjgl-freetype-3.3.3-natives-linux.jar:/home/runner/.gradle/caches/modules-2/files-2.1/org.lwjgl/lwjgl-glfw/3.3.3/efa1eb78c5ccd840e9f329717109b5e892d72f8e/lwjgl-glfw-3.3.3.jar:/home/runner/.gradle/caches/modules-2/files-2.1/org.lwjgl/lwjgl-glfw/3.3.3/a03684c5e4b1b1dbbe0d29dbbdc27b985b6840f2/lwjgl-glfw-3.3.3-natives-linux.jar:/home/runner/.gradle/caches/modules-2/files-2.1/org.lwjgl/lwjgl-jemalloc/3.3.3/b543467b7ff3c6920539a88ee602d34098628be5/lwjgl-jemalloc-3.3.3.jar:/home/runner/.gradle/caches/modules-2/files-2.1/org.lwjgl/lwjgl-jemalloc/3.3.3/4f86728bf449b1dd61251c4e0ac01df1389cb51e/lwjgl-jemalloc-3.3.3-natives-linux.jar:/home/runner/.gradle/caches/modules-2/files-2.1/org.lwjgl/lwjgl-openal/3.3.3/daada81ceb5fc0c291fbfdd4433cb8d9423577f2/lwjgl-openal-3.3.3.jar:/home/runner/.gradle/caches/modules-2/files-2.1/org.lwjgl/lwjgl-openal/3.3.3/3037360cc4595079bea240af250b6d1a527e0905/lwjgl-openal-3.3.3-natives-linux.jar:/home/runner/.gradle/caches/modules-2/files-2.1/org.lwjgl/lwjgl-opengl/3.3.3/2f6b0147078396a58979125a4c947664e98293a/lwjgl-opengl-3.3.3.jar:/home/runner/.gradle/caches/modules-2/files-2.1/org.lwjgl/lwjgl-opengl/3.3.3/62c70a4b00ca5391882b0f4b787c1588d24f1c86/lwjgl-opengl-3.3.3-natives-linux.jar:/home/runner/.gradle/caches/modules-2/files-2.1/org.lwjgl/lwjgl-stb/3.3.3/25dd6161988d7e65f71d5065c99902402ee32746/lwjgl-stb-3.3.3.jar:/home/runner/.gradle/caches/modules-2/files-2.1/org.lwjgl/lwjgl-stb/3.3.3/fd1271ccd9d85eff2fa31f3fd543e02ccfaf5041/lwjgl-stb-3.3.3-natives-linux.jar:/home/runner/.gradle/caches/modules-2/files-2.1/org.lwjgl/lwjgl-tinyfd/3.3.3/82d755ca94b102e9ca77283b9e2dc46d1b15fbe5/lwjgl-tinyfd-3.3.3.jar:/home/runner/.gradle/caches/modules-2/files-2.1/org.lwjgl/lwjgl-tinyfd/3.3.3/d8d58daa0c3e5fd906fee96f5fddbcbc07cc308b/lwjgl-tinyfd-3.3.3-natives-linux.jar:/home/runner/.gradle/caches/modules-2/files-2.1/org.lwjgl/lwjgl/3.3.3/29589b5f87ed335a6c7e7ee6a5775f81f97ecb84/lwjgl-3.3.3.jar:/home/runner/.gradle/caches/modules-2/files-2.1/org.lwjgl/lwjgl/3.3.3/1713758e3660ba66e1e954396fd18126038b33c0/lwjgl-3.3.3-natives-linux.jar:/home/runner/.gradle/caches/modules-2/files-2.1/org.lz4/lz4-java/1.8.0/4b986a99445e49ea5fbf5d149c4b63f6ed6c6780/lz4-java-1.8.0.jar:/home/runner/.gradle/caches/modules-2/files-2.1/org.slf4j/slf4j-api/2.0.9/7cf2726fdcfbc8610f9a71fb3ed639871f315340/slf4j-api-2.0.9.jar:/home/runner/work/mod-sample/mod-sample/.ci/atmospherics/work/.gradle/loom-cache/minecraftMaven/net/minecraft/minecraft-merged-8bc85877dd/1.21.1-loom.mappings.1_21_1.layered+hash.2198-v2/minecraft-merged-8bc85877dd-1.21.1-loom.mappings.1_21_1.layered+hash.2198-v2.jar:/home/runner/.gradle/caches/modules-2/files-2.1/net.fabricmc/fabric-loader/0.19.3/354dfaa02d0552e11867f85dff7cdbfaf813ba3e/fabric-loader-0.19.3.jar:/home/runner/work/mod-sample/mod-sample/.ci/atmospherics/work/.gradle/loom-cache/remapped_mods/loom_mappings_1_21_1_layered_hash_2198_v2/net/fabricmc/fabric-api/fabric-api/0.116.7+1.21.1/fabric-api-0.116.7+1.21.1.jar:/home/runner/work/mod-sample/mod-sample/.ci/atmospherics/work/.gradle/loom-cache/remapped_mods/loom_mappings_1_21_1_layered_hash_2198_v2/net/fabricmc/fabric-api/fabric-transfer-api-v1/5.4.3+c24bd99419/fabric-transfer-api-v1-5.4.3+c24bd99419.jar:/home/runner/work/mod-sample/mod-sample/.ci/atmospherics/work/.gradle/loom-cache/remapped_mods/loom_mappings_1_21_1_layered_hash_2198_v2/net/fabricmc/fabric-api/fabric-api-lookup-api-v1/1.6.71+b559734419/fabric-api-lookup-api-v1-1.6.71+b559734419.jar:/home/runner/work/mod-sample/mod-sample/.ci/atmospherics/work/.gradle/loom-cache/remapped_mods/loom_mappings_1_21_1_layered_hash_2198_v2/net/fabricmc/fabric-api/fabric-blockrenderlayer-v1/1.1.52+0af3f5a719/fabric-blockrenderlayer-v1-1.1.52+0af3f5a719.jar:/home/runner/work/mod-sample/mod-sample/.ci/atmospherics/work/.gradle/loom-cache/remapped_mods/loom_mappings_1_21_1_layered_hash_2198_v2/net/fabricmc/fabric-api/fabric-client-tags-api-v1/1.1.15+6573ed8c19/fabric-client-tags-api-v1-1.1.15+6573ed8c19.jar:/home/runner/work/mod-sample/mod-sample/.ci/atmospherics/work/.gradle/loom-cache/remapped_mods/loom_mappings_1_21_1_layered_hash_2198_v2/net/fabricmc/fabric-api/fabric-command-api-v1/1.2.49+f71b366f19/fabric-command-api-v1-1.2.49+f71b366f19.jar:/home/runner/work/mod-sample/mod-sample/.ci/atmospherics/work/.gradle/loom-cache/remapped_mods/loom_mappings_1_21_1_layered_hash_2198_v2/net/fabricmc/fabric-api/fabric-commands-v0/0.2.66+df3654b319/fabric-commands-v0-0.2.66+df3654b319.jar:/home/runner/work/mod-sample/mod-sample/.ci/atmospherics/work/.gradle/loom-cache/remapped_mods/loom_mappings_1_21_1_layered_hash_2198_v2/net/fabricmc/fabric-api/fabric-command-api-v2/2.2.28+6ced4dd919/fabric-command-api-v2-2.2.28+6ced4dd919.jar:/home/runner/work/mod-sample/mod-sample/.ci/atmospherics/work/.gradle/loom-cache/remapped_mods/loom_mappings_1_21_1_layered_hash_2198_v2/net/fabricmc/fabric-api/fabric-content-registries-v0/8.0.19+b559734419/fabric-content-registries-v0-8.0.19+b559734419.jar:/home/runner/work/mod-sample/mod-sample/.ci/atmospherics/work/.gradle/loom-cache/remapped_mods/loom_mappings_1_21_1_layered_hash_2198_v2/net/fabricmc/fabric-api/fabric-data-generation-api-v1/20.2.34+37516cd619/fabric-data-generation-api-v1-20.2.34+37516cd619.jar:/home/runner/work/mod-sample/mod-sample/.ci/atmospherics/work/.gradle/loom-cache/remapped_mods/loom_mappings_1_21_1_layered_hash_2198_v2/net/fabricmc/fabric-api/fabric-convention-tags-v1/2.1.5+7f945d5b19/fabric-convention-tags-v1-2.1.5+7f945d5b19.jar:/home/runner/work/mod-sample/mod-sample/.ci/atmospherics/work/.gradle/loom-cache/remapped_mods/loom_mappings_1_21_1_layered_hash_2198_v2/net/fabricmc/fabric-api/fabric-convention-tags-v2/2.11.1+a406e79519/fabric-convention-tags-v2-2.11.1+a406e79519.jar:/home/runner/work/mod-sample/mod-sample/.ci/atmospherics/work/.gradle/loom-cache/remapped_mods/loom_mappings_1_21_1_layered_hash_2198_v2/net/fabricmc/fabric-api/fabric-data-attachment-api-v1/1.4.5+6116a37819/fabric-data-attachment-api-v1-1.4.5+6116a37819.jar:/home/runner/work/mod-sample/mod-sample/.ci/atmospherics/work/.gradle/loom-cache/remapped_mods/loom_mappings_1_21_1_layered_hash_2198_v2/net/fabricmc/fabric-api/fabric-entity-events-v1/1.8.0+2b27e0a419/fabric-entity-events-v1-1.8.0+2b27e0a419.jar:/home/runner/work/mod-sample/mod-sample/.ci/atmospherics/work/.gradle/loom-cache/remapped_mods/loom_mappings_1_21_1_layered_hash_2198_v2/net/fabricmc/fabric-api/fabric-events-interaction-v0/0.7.13+ba9dae0619/fabric-events-interaction-v0-0.7.13+ba9dae0619.jar:/home/runner/work/mod-sample/mod-sample/.ci/atmospherics/work/.gradle/loom-cache/remapped_mods/loom_mappings_1_21_1_layered_hash_2198_v2/net/fabricmc/fabric-api/fabric-gametest-api-v1/2.0.5+6fc22b9919/fabric-gametest-api-v1-2.0.5+6fc22b9919.jar:/home/runner/work/mod-sample/mod-sample/.ci/atmospherics/work/.gradle/loom-cache/remapped_mods/loom_mappings_1_21_1_layered_hash_2198_v2/net/fabricmc/fabric-api/fabric-item-api-v1/11.2.0+3b3cb2e819/fabric-item-api-v1-11.2.0+3b3cb2e819.jar:/home/runner/work/mod-sample/mod-sample/.ci/atmospherics/work/.gradle/loom-cache/remapped_mods/loom_mappings_1_21_1_layered_hash_2198_v2/net/fabricmc/fabric-api/fabric-item-group-api-v1/4.1.7+def88e3a19/fabric-item-group-api-v1-4.1.7+def88e3a19.jar:/home/runner/work/mod-sample/mod-sample/.ci/atmospherics/work/.gradle/loom-cache/remapped_mods/loom_mappings_1_21_1_layered_hash_2198_v2/net/fabricmc/fabric-api/fabric-lifecycle-events-v1/2.6.0+0865547519/fabric-lifecycle-events-v1-2.6.0+0865547519.jar:/home/runner/work/mod-sample/mod-sample/.ci/atmospherics/work/.gradle/loom-cache/remapped_mods/loom_mappings_1_21_1_layered_hash_2198_v2/net/fabricmc/fabric-api/fabric-loot-api-v2/3.0.15+3f89f5a519/fabric-loot-api-v2-3.0.15+3f89f5a519.jar:/home/runner/work/mod-sample/mod-sample/.ci/atmospherics/work/.gradle/loom-cache/remapped_mods/loom_mappings_1_21_1_layered_hash_2198_v2/net/fabricmc/fabric-api/fabric-loot-api-v3/1.0.3+3f89f5a519/fabric-loot-api-v3-1.0.3+3f89f5a519.jar:/home/runner/work/mod-sample/mod-sample/.ci/atmospherics/work/.gradle/loom-cache/remapped_mods/loom_mappings_1_21_1_layered_hash_2198_v2/net/fabricmc/fabric-api/fabric-message-api-v1/6.0.14+8aaf3aca19/fabric-message-api-v1-6.0.14+8aaf3aca19.jar:/home/runner/work/mod-sample/mod-sample/.ci/atmospherics/work/.gradle/loom-cache/remapped_mods/loom_mappings_1_21_1_layered_hash_2198_v2/net/fabricmc/fabric-api/fabric-model-loading-api-v1/2.1.0+b4d813fc19/fabric-model-loading-api-v1-2.1.0+b4d813fc19.jar:/home/runner/work/mod-sample/mod-sample/.ci/atmospherics/work/.gradle/loom-cache/remapped_mods/loom_mappings_1_21_1_layered_hash_2198_v2/net/fabricmc/fabric-api/fabric-recipe-api-v1/5.0.15+2475392c19/fabric-recipe-api-v1-5.0.15+2475392c19.jar:/home/runner/work/mod-sample/mod-sample/.ci/atmospherics/work/.gradle/loom-cache/remapped_mods/loom_mappings_1_21_1_layered_hash_2198_v2/net/fabricmc/fabric-api/fabric-screen-handler-api-v1/1.3.90+b559734419/fabric-screen-handler-api-v1-1.3.90+b559734419.jar:/home/runner/work/mod-sample/mod-sample/.ci/atmospherics/work/.gradle/loom-cache/remapped_mods/loom_mappings_1_21_1_layered_hash_2198_v2/net/fabricmc/fabric-api/fabric-registry-sync-v0/5.3.1+e3eddc2119/fabric-registry-sync-v0-5.3.1+e3eddc2119.jar:/home/runner/work/mod-sample/mod-sample/.ci/atmospherics/work/.gradle/loom-cache/remapped_mods/loom_mappings_1_21_1_layered_hash_2198_v2/net/fabricmc/fabric-api/fabric-networking-api-v1/4.3.0+c7469b2119/fabric-networking-api-v1-4.3.0+c7469b2119.jar:/home/runner/work/mod-sample/mod-sample/.ci/atmospherics/work/.gradle/loom-cache/remapped_mods/loom_mappings_1_21_1_layered_hash_2198_v2/net/fabricmc/fabric-api/fabric-object-builder-api-v1/15.2.1+40875a9319/fabric-object-builder-api-v1-15.2.1+40875a9319.jar:/home/runner/work/mod-sample/mod-sample/.ci/atmospherics/work/.gradle/loom-cache/remapped_mods/loom_mappings_1_21_1_layered_hash_2198_v2/net/fabricmc/fabric-api/fabric-particles-v1/4.0.2+6573ed8c19/fabric-particles-v1-4.0.2+6573ed8c19.jar:/home/runner/work/mod-sample/mod-sample/.ci/atmospherics/work/.gradle/loom-cache/remapped_mods/loom_mappings_1_21_1_layered_hash_2198_v2/net/fabricmc/fabric-api/fabric-renderer-indigo/1.7.1+c705a49c19/fabric-renderer-indigo-1.7.1+c705a49c19.jar:/home/runner/work/mod-sample/mod-sample/.ci/atmospherics/work/.gradle/loom-cache/remapped_mods/loom_mappings_1_21_1_layered_hash_2198_v2/net/fabricmc/fabric-api/fabric-renderer-api-v1/3.4.1+b4d813fc19/fabric-renderer-api-v1-3.4.1+b4d813fc19.jar:/home/runner/work/mod-sample/mod-sample/.ci/atmospherics/work/.gradle/loom-cache/remapped_mods/loom_mappings_1_21_1_layered_hash_2198_v2/net/fabricmc/fabric-api/fabric-rendering-fluids-v1/3.1.6+1daea21519/fabric-rendering-fluids-v1-3.1.6+1daea21519.jar:/home/runner/work/mod-sample/mod-sample/.ci/atmospherics/work/.gradle/loom-cache/remapped_mods/loom_mappings_1_21_1_layered_hash_2198_v2/net/fabricmc/fabric-api/fabric-renderer-registries-v1/3.2.69+df3654b319/fabric-renderer-registries-v1-3.2.69+df3654b319.jar:/home/runner/work/mod-sample/mod-sample/.ci/atmospherics/work/.gradle/loom-cache/remapped_mods/loom_mappings_1_21_1_layered_hash_2198_v2/net/fabricmc/fabric-api/fabric-rendering-v0/1.1.72+df3654b319/fabric-rendering-v0-1.1.72+df3654b319.jar:/home/runner/work/mod-sample/mod-sample/.ci/atmospherics/work/.gradle/loom-cache/remapped_mods/loom_mappings_1_21_1_layered_hash_2198_v2/net/fabricmc/fabric-api/fabric-rendering-v1/5.1.0+ab4c25a019/fabric-rendering-v1-5.1.0+ab4c25a019.jar:/home/runner/work/mod-sample/mod-sample/.ci/atmospherics/work/.gradle/loom-cache/remapped_mods/loom_mappings_1_21_1_layered_hash_2198_v2/net/fabricmc/fabric-api/fabric-screen-api-v1/2.0.25+8b68f1c719/fabric-screen-api-v1-2.0.25+8b68f1c719.jar:/home/runner/work/mod-sample/mod-sample/.ci/atmospherics/work/.gradle/loom-cache/remapped_mods/loom_mappings_1_21_1_layered_hash_2198_v2/net/fabricmc/fabric-api/fabric-api-base/0.4.42+6573ed8c19/fabric-api-base-0.4.42+6573ed8c19.jar:/home/runner/work/mod-sample/mod-sample/.ci/atmospherics/work/.gradle/loom-cache/remapped_mods/loom_mappings_1_21_1_layered_hash_2198_v2/net/fabricmc/fabric-api/fabric-biome-api-v1/13.0.31+d527f9fd19/fabric-biome-api-v1-13.0.31+d527f9fd19.jar:/home/runner/work/mod-sample/mod-sample/.ci/atmospherics/work/.gradle/loom-cache/remapped_mods/loom_mappings_1_21_1_layered_hash_2198_v2/net/fabricmc/fabric-api/fabric-block-api-v1/1.1.0+0bc3503219/fabric-block-api-v1-1.1.0+0bc3503219.jar:/home/runner/work/mod-sample/mod-sample/.ci/atmospherics/work/.gradle/loom-cache/remapped_mods/loom_mappings_1_21_1_layered_hash_2198_v2/net/fabricmc/fabric-api/fabric-rendering-data-attachment-v1/0.3.49+73761d2e19/fabric-rendering-data-attachment-v1-0.3.49+73761d2e19.jar:/home/runner/work/mod-sample/mod-sample/.ci/atmospherics/work/.gradle/loom-cache/remapped_mods/loom_mappings_1_21_1_layered_hash_2198_v2/net/fabricmc/fabric-api/fabric-block-view-api-v2/1.0.11+ebb2264e19/fabric-block-view-api-v2-1.0.11+ebb2264e19.jar:/home/runner/work/mod-sample/mod-sample/.ci/atmospherics/work/.gradle/loom-cache/remapped_mods/loom_mappings_1_21_1_layered_hash_2198_v2/net/fabricmc/fabric-api/fabric-crash-report-info-v1/0.2.29+0af3f5a719/fabric-crash-report-info-v1-0.2.29+0af3f5a719.jar:/home/runner/work/mod-sample/mod-sample/.ci/atmospherics/work/.gradle/loom-cache/remapped_mods/loom_mappings_1_21_1_layered_hash_2198_v2/net/fabricmc/fabric-api/fabric-dimensions-v1/4.0.1+65213ef819/fabric-dimensions-v1-4.0.1+65213ef819.jar:/home/runner/work/mod-sample/mod-sample/.ci/atmospherics/work/.gradle/loom-cache/remapped_mods/loom_mappings_1_21_1_layered_hash_2198_v2/net/fabricmc/fabric-api/fabric-game-rule-api-v1/1.0.53+6ced4dd919/fabric-game-rule-api-v1-1.0.53+6ced4dd919.jar:/home/runner/work/mod-sample/mod-sample/.ci/atmospherics/work/.gradle/loom-cache/remapped_mods/loom_mappings_1_21_1_layered_hash_2198_v2/net/fabricmc/fabric-api/fabric-keybindings-v0/0.2.45+df3654b319/fabric-keybindings-v0-0.2.45+df3654b319.jar:/home/runner/work/mod-sample/mod-sample/.ci/atmospherics/work/.gradle/loom-cache/remapped_mods/loom_mappings_1_21_1_layered_hash_2198_v2/net/fabricmc/fabric-api/fabric-key-binding-api-v1/1.0.47+0af3f5a719/fabric-key-binding-api-v1-1.0.47+0af3f5a719.jar:/home/runner/work/mod-sample/mod-sample/.ci/atmospherics/work/.gradle/loom-cache/remapped_mods/loom_mappings_1_21_1_layered_hash_2198_v2/net/fabricmc/fabric-api/fabric-resource-conditions-api-v1/4.3.0+8dc279b119/fabric-resource-conditions-api-v1-4.3.0+8dc279b119.jar:/home/runner/work/mod-sample/mod-sample/.ci/atmospherics/work/.gradle/loom-cache/remapped_mods/loom_mappings_1_21_1_layered_hash_2198_v2/net/fabricmc/fabric-api/fabric-resource-loader-v0/1.3.1+5b5275af19/fabric-resource-loader-v0-1.3.1+5b5275af19.jar:/home/runner/work/mod-sample/mod-sample/.ci/atmospherics/work/.gradle/loom-cache/remapped_mods/loom_mappings_1_21_1_layered_hash_2198_v2/net/fabricmc/fabric-api/fabric-sound-api-v1/1.0.23+6573ed8c19/fabric-sound-api-v1-1.0.23+6573ed8c19.jar:/home/runner/work/mod-sample/mod-sample/.ci/atmospherics/work/.gradle/loom-cache/remapped_mods/loom_mappings_1_21_1_layered_hash_2198_v2/net/fabricmc/fabric-api/fabric-transitive-access-wideners-v1/6.2.0+45b9699719/fabric-transitive-access-wideners-v1-6.2.0+45b9699719.jar:/home/runner/.gradle/caches/modules-2/files-2.1/curse.maven/atmospherics-1493725/8412083/470c3cdd4b9ac836f83bc57342e460abf370a78a/atmospherics-1493725-8412083.jar:/home/runner/.gradle/caches/modules-2/files-2.1/org.jline/jline-reader/3.20.0/8f15415b022a25b473e8e16c28ae913186ffb9c4/jline-reader-3.20.0.jar:/home/runner/.gradle/caches/modules-2/files-2.1/org.jline/jline-terminal/3.20.0/d0ddcc708ddf527a3454c941b7b9225cc83a15ff/jline-terminal-3.20.0.jar)
		at knot/com.sun.jna.Native.extractFromResourcePath(Native.java:1141) ~[jna-5.14.0.jar:?]
		at knot/com.sun.jna.NativeLibrary.loadLibrary(NativeLibrary.java:297) ~[jna-5.14.0.jar:?]
		at knot/com.sun.jna.NativeLibrary.getInstance(NativeLibrary.java:481) ~[jna-5.14.0.jar:?]
		at knot/com.sun.jna.NativeLibrary.getInstance(NativeLibrary.java:423) ~[jna-5.14.0.jar:?]
		at knot/com.mojang.text2speech.NarratorLinux$FliteLibrary.loadNative(NarratorLinux.java:67) ~[text2speech-1.17.9.jar:?]
		at knot/com.mojang.text2speech.NarratorLinux.<init>(NarratorLinux.java:18) ~[text2speech-1.17.9.jar:?]
		at knot/com.mojang.text2speech.Narrator.getNarrator(Narrator.java:41) [text2speech-1.17.9.jar:?]
		at knot/net.minecraft.client.GameNarrator.<init>(GameNarrator.java:19) [minecraft-merged-8bc85877dd-1.21.1-loom.mappings.1_21_1.layered+hash.2198-v2.jar:?]
		at knot/net.minecraft.client.Minecraft.<init>(Minecraft.java:675) [minecraft-merged-8bc85877dd-1.21.1-loom.mappings.1_21_1.layered+hash.2198-v2.jar:?]
		at knot/net.minecraft.client.main.Main.main(Main.java:239) [minecraft-merged-8bc85877dd-1.21.1-loom.mappings.1_21_1.layered+hash.2198-v2.jar:?]
		at net.fabricmc.loader.impl.game.minecraft.MinecraftGameProvider.launch(MinecraftGameProvider.java:514) [fabric-loader-0.19.3.jar:?]
		at net.fabricmc.loader.impl.launch.knot.Knot.launch(Knot.java:72) [fabric-loader-0.19.3.jar:?]
		at net.fabricmc.loader.impl.launch.knot.KnotClient.main(KnotClient.java:23) [fabric-loader-0.19.3.jar:?]
		at net.fabricmc.devlaunchinjector.Main.main(Main.java:86) [dev-launch-injector-0.2.1+build.8.jar:?]
[07:45:05] [Render thread/INFO] (Minecraft) Reloading ResourceManager: vanilla, fabric, fabric-api, fabric-api-base, fabric-api-lookup-api-v1, fabric-biome-api-v1, fabric-block-api-v1, fabric-block-view-api-v2, fabric-blockrenderlayer-v1, fabric-client-tags-api-v1, fabric-command-api-v1, fabric-command-api-v2, fabric-commands-v0, fabric-content-registries-v0, fabric-convention-tags-v1, fabric-convention-tags-v2, fabric-crash-report-info-v1, fabric-data-attachment-api-v1, fabric-data-generation-api-v1, fabric-dimensions-v1, fabric-entity-events-v1, fabric-events-interaction-v0, fabric-game-rule-api-v1, fabric-gametest-api-v1, fabric-item-api-v1, fabric-item-group-api-v1, fabric-key-binding-api-v1, fabric-keybindings-v0, fabric-lifecycle-events-v1, fabric-loot-api-v2, fabric-loot-api-v3, fabric-message-api-v1, fabric-model-loading-api-v1, fabric-networking-api-v1, fabric-object-builder-api-v1, fabric-particles-v1, fabric-recipe-api-v1, fabric-registry-sync-v0, fabric-renderer-api-v1, fabric-renderer-indigo, fabric-renderer-registries-v1, fabric-rendering-data-attachment-v1, fabric-rendering-fluids-v1, fabric-rendering-v0, fabric-rendering-v1, fabric-resource-conditions-api-v1, fabric-resource-loader-v0, fabric-screen-api-v1, fabric-screen-handler-api-v1, fabric-sound-api-v1, fabric-transfer-api-v1, fabric-transitive-access-wideners-v1, fabricloader, atmospherics:atmospherics_pack
[07:45:05] [Worker-Main-3/INFO] (Minecraft) Found unifont_all_no_pua-15.1.05.hex, loading
[07:45:06] [Worker-Main-3/INFO] (Minecraft) Found unifont_jp_patch-15.1.05.hex, loading
[07:45:07] [Render thread/WARN] (Minecraft) Missing sound for event: minecraft:item.goat_horn.play
[07:45:07] [Render thread/WARN] (Minecraft) Missing sound for event: minecraft:entity.goat.screaming.horn_break
[07:45:07] [Render thread/WARN] (Minecraft) Missing sound for event: atmospherics:weather.desert_rain_start
[07:45:07] [Render thread/WARN] (Minecraft) Missing sound for event: atmospherics:weather.desert_rain_loop
[07:45:07] [Render thread/WARN] (Minecraft) Missing sound for event: atmospherics:weather.desert_rain
[07:45:07] [Render thread/WARN] (Minecraft) Missing sound for event: atmospherics:weather.desert_thunder_start
[07:45:07] [Render thread/WARN] (Minecraft) Missing sound for event: atmospherics:weather.desert_thunder_loop
[07:45:07] [Render thread/WARN] (Minecraft) Missing sound for event: atmospherics:weather.desert_thunder
ALSA lib confmisc.c:855:(parse_card) cannot find card '0'
ALSA lib conf.c:5208:(_snd_config_evaluate) function snd_func_card_inum returned error: No such file or directory
ALSA lib confmisc.c:422:(snd_func_concat) error evaluating strings
ALSA lib conf.c:5208:(_snd_config_evaluate) function snd_func_concat returned error: No such file or directory
ALSA lib confmisc.c:1342:(snd_func_refer) error evaluating name
ALSA lib conf.c:5208:(_snd_config_evaluate) function snd_func_refer returned error: No such file or directory
ALSA lib conf.c:5731:(snd_config_expand) Evaluate error: No such file or directory
ALSA lib pcm.c:2721:(snd_pcm_open_noupdate) Unknown PCM default
ALSA lib confmisc.c:855:(parse_card) cannot find card '0'
ALSA lib conf.c:5208:(_snd_config_evaluate) function snd_func_card_inum returned error: No such file or directory
ALSA lib confmisc.c:422:(snd_func_concat) error evaluating strings
ALSA lib conf.c:5208:(_snd_config_evaluate) function snd_func_concat returned error: No such file or directory
ALSA lib confmisc.c:1342:(snd_func_refer) error evaluating name
ALSA lib conf.c:5208:(_snd_config_evaluate) function snd_func_refer returned error: No such file or directory
ALSA lib conf.c:5731:(snd_config_expand) Evaluate error: No such file or directory
ALSA lib pcm.c:2721:(snd_pcm_open_noupdate) Unknown PCM default
[07:45:07] [Render thread/ERROR] (Minecraft) Error starting SoundSystem. Turning off sounds & music
java.lang.IllegalStateException: Failed to open OpenAL device
	at knot/com.mojang.blaze3d.audio.Library.openDeviceOrFallback(Library.java:302) ~[minecraft-merged-8bc85877dd-1.21.1-loom.mappings.1_21_1.layered+hash.2198-v2.jar:?]
	at knot/com.mojang.blaze3d.audio.Library.init(Library.java:154) ~[minecraft-merged-8bc85877dd-1.21.1-loom.mappings.1_21_1.layered+hash.2198-v2.jar:?]
	at knot/net.minecraft.client.sounds.SoundEngine.loadLibrary(SoundEngine.java:116) ~[minecraft-merged-8bc85877dd-1.21.1-loom.mappings.1_21_1.layered+hash.2198-v2.jar:?]
	at knot/net.minecraft.client.sounds.SoundEngine.reload(SoundEngine.java:106) ~[minecraft-merged-8bc85877dd-1.21.1-loom.mappings.1_21_1.layered+hash.2198-v2.jar:?]
	at knot/net.minecraft.client.sounds.SoundManager.apply(SoundManager.java:128) ~[minecraft-merged-8bc85877dd-1.21.1-loom.mappings.1_21_1.layered+hash.2198-v2.jar:?]
	at knot/net.minecraft.client.sounds.SoundManager.apply(SoundManager.java:42) ~[minecraft-merged-8bc85877dd-1.21.1-loom.mappings.1_21_1.layered+hash.2198-v2.jar:?]
	at knot/net.minecraft.server.packs.resources.SimplePreparableReloadListener.method_18790(SimplePreparableReloadListener.java:13) ~[minecraft-merged-8bc85877dd-1.21.1-loom.mappings.1_21_1.layered+hash.2198-v2.jar:?]
	at java.base/java.util.concurrent.CompletableFuture$UniAccept.tryFire(CompletableFuture.java:718) ~[?:?]
	at java.base/java.util.concurrent.CompletableFuture$Completion.run(CompletableFuture.java:482) ~[?:?]
	at knot/net.minecraft.server.packs.resources.SimpleReloadInstance.method_18365(SimpleReloadInstance.java:69) ~[minecraft-merged-8bc85877dd-1.21.1-loom.mappings.1_21_1.layered+hash.2198-v2.jar:?]
	at knot/net.minecraft.util.thread.BlockableEventLoop.doRunTask(BlockableEventLoop.java:162) [minecraft-merged-8bc85877dd-1.21.1-loom.mappings.1_21_1.layered+hash.2198-v2.jar:?]
	at knot/net.minecraft.util.thread.ReentrantBlockableEventLoop.doRunTask(ReentrantBlockableEventLoop.java:23) [minecraft-merged-8bc85877dd-1.21.1-loom.mappings.1_21_1.layered+hash.2198-v2.jar:?]
	at knot/net.minecraft.util.thread.BlockableEventLoop.pollTask(BlockableEventLoop.java:136) [minecraft-merged-8bc85877dd-1.21.1-loom.mappings.1_21_1.layered+hash.2198-v2.jar:?]
	at knot/net.minecraft.util.thread.BlockableEventLoop.runAllTasks(BlockableEventLoop.java:121) [minecraft-merged-8bc85877dd-1.21.1-loom.mappings.1_21_1.layered+hash.2198-v2.jar:?]
	at knot/net.minecraft.client.Minecraft.runTick(Minecraft.java:1240) [minecraft-merged-8bc85877dd-1.21.1-loom.mappings.1_21_1.layered+hash.2198-v2.jar:?]
	at knot/net.minecraft.client.Minecraft.run(Minecraft.java:882) [minecraft-merged-8bc85877dd-1.21.1-loom.mappings.1_21_1.layered+hash.2198-v2.jar:?]
	at knot/net.minecraft.client.main.Main.main(Main.java:256) [minecraft-merged-8bc85877dd-1.21.1-loom.mappings.1_21_1.layered+hash.2198-v2.jar:?]
	at net.fabricmc.loader.impl.game.minecraft.MinecraftGameProvider.launch(MinecraftGameProvider.java:514) [fabric-loader-0.19.3.jar:?]
	at net.fabricmc.loader.impl.launch.knot.Knot.launch(Knot.java:72) [fabric-loader-0.19.3.jar:?]
	at net.fabricmc.loader.impl.launch.knot.KnotClient.main(KnotClient.java:23) [fabric-loader-0.19.3.jar:?]
	at net.fabricmc.devlaunchinjector.Main.main(Main.java:86) [dev-launch-injector-0.2.1+build.8.jar:?]
[07:45:07] [Render thread/INFO] (Minecraft) Created: 1024x512x4 minecraft:textures/atlas/blocks.png-atlas
[07:45:07] [Render thread/INFO] (Minecraft) Created: 256x256x4 minecraft:textures/atlas/signs.png-atlas
[07:45:07] [Render thread/INFO] (Minecraft) Created: 512x512x4 minecraft:textures/atlas/shield_patterns.png-atlas
[07:45:07] [Render thread/INFO] (Minecraft) Created: 512x512x4 minecraft:textures/atlas/banner_patterns.png-atlas
[07:45:07] [Render thread/INFO] (Minecraft) Created: 1024x1024x4 minecraft:textures/atlas/armor_trims.png-atlas
[07:45:07] [Render thread/INFO] (Minecraft) Created: 128x64x4 minecraft:textures/atlas/decorated_pot.png-atlas
[07:45:07] [Render thread/INFO] (Minecraft) Created: 256x256x4 minecraft:textures/atlas/chest.png-atlas
[07:45:07] [Render thread/INFO] (Minecraft) Created: 512x256x4 minecraft:textures/atlas/shulker_boxes.png-atlas
[07:45:07] [Render thread/INFO] (Minecraft) Created: 512x256x4 minecraft:textures/atlas/beds.png-atlas
[07:45:07] [Render thread/INFO] (Minecraft) Created: 512x256x0 minecraft:textures/atlas/particles.png-atlas
[07:45:07] [Render thread/INFO] (Minecraft) Created: 512x256x0 minecraft:textures/atlas/paintings.png-atlas
[07:45:07] [Render thread/INFO] (Minecraft) Created: 256x128x0 minecraft:textures/atlas/mob_effects.png-atlas
[07:45:07] [Render thread/INFO] (Minecraft) Created: 64x64x0 minecraft:textures/atlas/map_decorations.png-atlas
[07:45:07] [Render thread/INFO] (Minecraft) Created: 1024x512x0 minecraft:textures/atlas/gui.png-atlas
[07:45:07] [Render thread/WARN] (Minecraft) Shader rendertype_entity_translucent_emissive could not find sampler named Sampler2 in the specified shader program.
[07:45:07] [Render thread/INFO] (Minecraft) Caught error loading resourcepacks, removing all selected resourcepacks
java.util.concurrent.CompletionException: java.lang.RuntimeException: could not reload shaders
	at java.base/java.util.concurrent.CompletableFuture.encodeThrowable(CompletableFuture.java:315) ~[?:?]
	at java.base/java.util.concurrent.CompletableFuture.completeThrowable(CompletableFuture.java:320) ~[?:?]
	at java.base/java.util.concurrent.CompletableFuture$UniAccept.tryFire(CompletableFuture.java:722) ~[?:?]
	at java.base/java.util.concurrent.CompletableFuture$Completion.run(CompletableFuture.java:482) ~[?:?]
	at knot/net.minecraft.server.packs.resources.SimpleReloadInstance.method_18365(SimpleReloadInstance.java:69) ~[minecraft-merged-8bc85877dd-1.21.1-loom.mappings.1_21_1.layered+hash.2198-v2.jar:?]
	at knot/net.minecraft.util.thread.BlockableEventLoop.doRunTask(BlockableEventLoop.java:162) ~[minecraft-merged-8bc85877dd-1.21.1-loom.mappings.1_21_1.layered+hash.2198-v2.jar:?]
	at knot/net.minecraft.util.thread.ReentrantBlockableEventLoop.doRunTask(ReentrantBlockableEventLoop.java:23) ~[minecraft-merged-8bc85877dd-1.21.1-loom.mappings.1_21_1.layered+hash.2198-v2.jar:?]
	at knot/net.minecraft.util.thread.BlockableEventLoop.pollTask(BlockableEventLoop.java:136) ~[minecraft-merged-8bc85877dd-1.21.1-loom.mappings.1_21_1.layered+hash.2198-v2.jar:?]
	at knot/net.minecraft.util.thread.BlockableEventLoop.runAllTasks(BlockableEventLoop.java:121) ~[minecraft-merged-8bc85877dd-1.21.1-loom.mappings.1_21_1.layered+hash.2198-v2.jar:?]
	at knot/net.minecraft.client.Minecraft.runTick(Minecraft.java:1240) [minecraft-merged-8bc85877dd-1.21.1-loom.mappings.1_21_1.layered+hash.2198-v2.jar:?]
	at knot/net.minecraft.client.Minecraft.run(Minecraft.java:882) [minecraft-merged-8bc85877dd-1.21.1-loom.mappings.1_21_1.layered+hash.2198-v2.jar:?]
	at knot/net.minecraft.client.main.Main.main(Main.java:256) [minecraft-merged-8bc85877dd-1.21.1-loom.mappings.1_21_1.layered+hash.2198-v2.jar:?]
	at net.fabricmc.loader.impl.game.minecraft.MinecraftGameProvider.launch(MinecraftGameProvider.java:514) [fabric-loader-0.19.3.jar:?]
	at net.fabricmc.loader.impl.launch.knot.Knot.launch(Knot.java:72) [fabric-loader-0.19.3.jar:?]
	at net.fabricmc.loader.impl.launch.knot.KnotClient.main(KnotClient.java:23) [fabric-loader-0.19.3.jar:?]
	at net.fabricmc.devlaunchinjector.Main.main(Main.java:86) [dev-launch-injector-0.2.1+build.8.jar:?]
Caused by: java.lang.RuntimeException: could not reload shaders
	at knot/net.minecraft.client.renderer.GameRenderer.reloadShaders(GameRenderer.java:537) [minecraft-merged-8bc85877dd-1.21.1-loom.mappings.1_21_1.layered+hash.2198-v2.jar:?]
	at knot/net.minecraft.client.renderer.GameRenderer$1.apply(GameRenderer.java:419) ~[minecraft-merged-8bc85877dd-1.21.1-loom.mappings.1_21_1.layered+hash.2198-v2.jar:?]
	at knot/net.minecraft.client.renderer.GameRenderer$1.apply(GameRenderer.java:396) ~[minecraft-merged-8bc85877dd-1.21.1-loom.mappings.1_21_1.layered+hash.2198-v2.jar:?]
	at knot/net.minecraft.server.packs.resources.SimplePreparableReloadListener.method_18790(SimplePreparableReloadListener.java:13) ~[minecraft-merged-8bc85877dd-1.21.1-loom.mappings.1_21_1.layered+hash.2198-v2.jar:?]
	at java.base/java.util.concurrent.CompletableFuture$UniAccept.tryFire(CompletableFuture.java:718) ~[?:?]
	... 13 more
Caused by: net.minecraft.server.ChainedJsonException: Invalid shaders/core/particle_no_cutoff.json: File not found
	at knot/net.minecraft.server.ChainedJsonException.forException(ChainedJsonException.java:48) ~[minecraft-merged-8bc85877dd-1.21.1-loom.mappings.1_21_1.layered+hash.2198-v2.jar:?]
	at knot/net.minecraft.client.renderer.ShaderInstance.<init>(ShaderInstance.java:172) ~[minecraft-merged-8bc85877dd-1.21.1-loom.mappings.1_21_1.layered+hash.2198-v2.jar:?]
	at knot/net.fabricmc.fabric.impl.client.rendering.FabricShaderProgram.<init>(FabricShaderProgram.java:28) ~[fabric-rendering-v1-5.1.0+ab4c25a019.jar:?]
	at knot/net.minecraft.client.renderer.GameRenderer.mdefdf86$fabric-rendering-v1$lambda$registerShaders$0$0(GameRenderer.java:2099) ~[minecraft-merged-8bc85877dd-1.21.1-loom.mappings.1_21_1.layered+hash.2198-v2.jar:?]
	at knot/com.beash.atmospherics.AtmosphericsFabricClient.lambda$onInitializeClient$5(AtmosphericsFabricClient.java:74) ~[main/:?]
	at knot/net.fabricmc.fabric.api.client.rendering.v1.CoreShaderRegistrationCallback.lambda$static$0(CoreShaderRegistrationCallback.java:44) ~[fabric-rendering-v1-5.1.0+ab4c25a019.jar:?]
	at knot/net.minecraft.client.renderer.GameRenderer.handler$zdo000$fabric-rendering-v1$registerShaders(GameRenderer.java:2102) ~[minecraft-merged-8bc85877dd-1.21.1-loom.mappings.1_21_1.layered+hash.2198-v2.jar:?]
	at knot/net.minecraft.client.renderer.GameRenderer.reloadShaders(GameRenderer.java:534) ~[minecraft-merged-8bc85877dd-1.21.1-loom.mappings.1_21_1.layered+hash.2198-v2.jar:?]
	at knot/net.minecraft.client.renderer.GameRenderer$1.apply(GameRenderer.java:419) ~[minecraft-merged-8bc85877dd-1.21.1-loom.mappings.1_21_1.layered+hash.2198-v2.jar:?]
	at knot/net.minecraft.client.renderer.GameRenderer$1.apply(GameRenderer.java:396) ~[minecraft-merged-8bc85877dd-1.21.1-loom.mappings.1_21_1.layered+hash.2198-v2.jar:?]
	at knot/net.minecraft.server.packs.resources.SimplePreparableReloadListener.method_18790(SimplePreparableReloadListener.java:13) ~[minecraft-merged-8bc85877dd-1.21.1-loom.mappings.1_21_1.layered+hash.2198-v2.jar:?]
	at java.base/java.util.concurrent.CompletableFuture$UniAccept.tryFire(CompletableFuture.java:718) ~[?:?]
	... 13 more
Caused by: java.io.FileNotFoundException: atmospherics:shaders/core/particle_no_cutoff.json
	at knot/net.minecraft.server.packs.resources.ResourceProvider.method_43043(ResourceProvider.java:23) ~[minecraft-merged-8bc85877dd-1.21.1-loom.mappings.1_21_1.layered+hash.2198-v2.jar:?]
	at java.base/java.util.Optional.orElseThrow(Optional.java:403) ~[?:?]
	at knot/net.minecraft.server.packs.resources.ResourceProvider.getResourceOrThrow(ResourceProvider.java:23) ~[minecraft-merged-8bc85877dd-1.21.1-loom.mappings.1_21_1.layered+hash.2198-v2.jar:?]
	at knot/net.minecraft.server.packs.resources.ResourceProvider.openAsReader(ResourceProvider.java:31) ~[minecraft-merged-8bc85877dd-1.21.1-loom.mappings.1_21_1.layered+hash.2198-v2.jar:?]
	at knot/net.minecraft.client.renderer.ShaderInstance.<init>(ShaderInstance.java:121) ~[minecraft-merged-8bc85877dd-1.21.1-loom.mappings.1_21_1.layered+hash.2198-v2.jar:?]
	at knot/net.fabricmc.fabric.impl.client.rendering.FabricShaderProgram.<init>(FabricShaderProgram.java:28) ~[fabric-rendering-v1-5.1.0+ab4c25a019.jar:?]
	at knot/net.minecraft.client.renderer.GameRenderer.mdefdf86$fabric-rendering-v1$lambda$registerShaders$0$0(GameRenderer.java:2099) ~[minecraft-merged-8bc85877dd-1.21.1-loom.mappings.1_21_1.layered+hash.2198-v2.jar:?]
	at knot/com.beash.atmospherics.AtmosphericsFabricClient.lambda$onInitializeClient$5(AtmosphericsFabricClient.java:74) ~[main/:?]
	at knot/net.fabricmc.fabric.api.client.rendering.v1.CoreShaderRegistrationCallback.lambda$static$0(CoreShaderRegistrationCallback.java:44) ~[fabric-rendering-v1-5.1.0+ab4c25a019.jar:?]
	at knot/net.minecraft.client.renderer.GameRenderer.handler$zdo000$fabric-rendering-v1$registerShaders(GameRenderer.java:2102) ~[minecraft-merged-8bc85877dd-1.21.1-loom.mappings.1_21_1.layered+hash.2198-v2.jar:?]
	at knot/net.minecraft.client.renderer.GameRenderer.reloadShaders(GameRenderer.java:534) ~[minecraft-merged-8bc85877dd-1.21.1-loom.mappings.1_21_1.layered+hash.2198-v2.jar:?]
	at knot/net.minecraft.client.renderer.GameRenderer$1.apply(GameRenderer.java:419) ~[minecraft-merged-8bc85877dd-1.21.1-loom.mappings.1_21_1.layered+hash.2198-v2.jar:?]
	at knot/net.minecraft.client.renderer.GameRenderer$1.apply(GameRenderer.java:396) ~[minecraft-merged-8bc85877dd-1.21.1-loom.mappings.1_21_1.layered+hash.2198-v2.jar:?]
	at knot/net.minecraft.server.packs.resources.SimplePreparableReloadListener.method_18790(SimplePreparableReloadListener.java:13) ~[minecraft-merged-8bc85877dd-1.21.1-loom.mappings.1_21_1.layered+hash.2198-v2.jar:?]
	at java.base/java.util.concurrent.CompletableFuture$UniAccept.tryFire(CompletableFuture.java:718) ~[?:?]
	... 13 more
[07:45:07] [Render thread/INFO] (Minecraft) Reloading ResourceManager: vanilla, fabric, fabric-api, fabric-api-base, fabric-api-lookup-api-v1, fabric-biome-api-v1, fabric-block-api-v1, fabric-block-view-api-v2, fabric-blockrenderlayer-v1, fabric-client-tags-api-v1, fabric-command-api-v1, fabric-command-api-v2, fabric-commands-v0, fabric-content-registries-v0, fabric-convention-tags-v1, fabric-convention-tags-v2, fabric-crash-report-info-v1, fabric-data-attachment-api-v1, fabric-data-generation-api-v1, fabric-dimensions-v1, fabric-entity-events-v1, fabric-events-interaction-v0, fabric-game-rule-api-v1, fabric-gametest-api-v1, fabric-item-api-v1, fabric-item-group-api-v1, fabric-key-binding-api-v1, fabric-keybindings-v0, fabric-lifecycle-events-v1, fabric-loot-api-v2, fabric-loot-api-v3, fabric-message-api-v1, fabric-model-loading-api-v1, fabric-networking-api-v1, fabric-object-builder-api-v1, fabric-particles-v1, fabric-recipe-api-v1, fabric-registry-sync-v0, fabric-renderer-api-v1, fabric-renderer-indigo, fabric-renderer-registries-v1, fabric-rendering-data-attachment-v1, fabric-rendering-fluids-v1, fabric-rendering-v0, fabric-rendering-v1, fabric-resource-conditions-api-v1, fabric-resource-loader-v0, fabric-screen-api-v1, fabric-screen-handler-api-v1, fabric-sound-api-v1, fabric-transfer-api-v1, fabric-transitive-access-wideners-v1, fabricloader
[07:45:07] [Worker-Main-2/INFO] (Minecraft) Found unifont_all_no_pua-15.1.05.hex, loading
[07:45:07] [Worker-Main-2/INFO] (Minecraft) Found unifont_jp_patch-15.1.05.hex, loading
[07:45:08] [Render thread/ERROR] (Minecraft) Unreported exception thrown!
java.lang.IllegalStateException: FogConfigScreen did not open
	at knot/com.beash.atmospherics.AtmosphericsFabricClient.runRenderingSmokeTest(AtmosphericsFabricClient.java:88) ~[main/:?]
	at knot/com.beash.atmospherics.AtmosphericsFabricClient.lambda$onInitializeClient$1(AtmosphericsFabricClient.java:56) ~[main/:?]
	at knot/net.fabricmc.fabric.api.client.event.lifecycle.v1.ClientTickEvents.lambda$static$2(ClientTickEvents.java:43) ~[fabric-lifecycle-events-v1-2.6.0+0865547519.jar:?]
	at knot/net.minecraft.client.Minecraft.handler$zka000$fabric-lifecycle-events-v1$onEndTick(Minecraft.java:4685) ~[minecraft-merged-8bc85877dd-1.21.1-loom.mappings.1_21_1.layered+hash.2198-v2.jar:?]
	at knot/net.minecraft.client.Minecraft.tick(Minecraft.java:2012) ~[minecraft-merged-8bc85877dd-1.21.1-loom.mappings.1_21_1.layered+hash.2198-v2.jar:?]
	at knot/net.minecraft.client.Minecraft.runTick(Minecraft.java:1246) ~[minecraft-merged-8bc85877dd-1.21.1-loom.mappings.1_21_1.layered+hash.2198-v2.jar:?]
	at knot/net.minecraft.client.Minecraft.run(Minecraft.java:882) [minecraft-merged-8bc85877dd-1.21.1-loom.mappings.1_21_1.layered+hash.2198-v2.jar:?]
	at knot/net.minecraft.client.main.Main.main(Main.java:256) [minecraft-merged-8bc85877dd-1.21.1-loom.mappings.1_21_1.layered+hash.2198-v2.jar:?]
	at net.fabricmc.loader.impl.game.minecraft.MinecraftGameProvider.launch(MinecraftGameProvider.java:514) [fabric-loader-0.19.3.jar:?]
	at net.fabricmc.loader.impl.launch.knot.Knot.launch(Knot.java:72) [fabric-loader-0.19.3.jar:?]
	at net.fabricmc.loader.impl.launch.knot.KnotClient.main(KnotClient.java:23) [fabric-loader-0.19.3.jar:?]
	at net.fabricmc.devlaunchinjector.Main.main(Main.java:86) [dev-launch-injector-0.2.1+build.8.jar:?]
---- Minecraft Crash Report ----
// I bet Cylons wouldn't have this problem.

Time: 2026-08-24 07:45:08
Description: Unexpected error

java.lang.IllegalStateException: FogConfigScreen did not open
	at knot//com.beash.atmospherics.AtmosphericsFabricClient.runRenderingSmokeTest(AtmosphericsFabricClient.java:88)
	at knot//com.beash.atmospherics.AtmosphericsFabricClient.lambda$onInitializeClient$1(AtmosphericsFabricClient.java:56)
	at knot//net.fabricmc.fabric.api.client.event.lifecycle.v1.ClientTickEvents.lambda$static$2(ClientTickEvents.java:43)
	at knot//net.minecraft.client.Minecraft.handler$zka000$fabric-lifecycle-events-v1$onEndTick(Minecraft.java:4685)
	at knot//net.minecraft.client.Minecraft.tick(Minecraft.java:2012)
	at knot//net.minecraft.client.Minecraft.runTick(Minecraft.java:1246)
	at knot//net.minecraft.client.Minecraft.run(Minecraft.java:882)
	at knot//net.minecraft.client.main.Main.main(Main.java:256)
	at net.fabricmc.loader.impl.game.minecraft.MinecraftGameProvider.launch(MinecraftGameProvider.java:514)
	at net.fabricmc.loader.impl.launch.knot.Knot.launch(Knot.java:72)
	at net.fabricmc.loader.impl.launch.knot.KnotClient.main(KnotClient.java:23)
	at net.fabricmc.devlaunchinjector.Main.main(Main.java:86)


A detailed walkthrough of the error, its code path and all known details is as follows:
---------------------------------------------------------------------------------------

-- Head --
Thread: Render thread
Stacktrace:
	at knot//com.beash.atmospherics.AtmosphericsFabricClient.runRenderingSmokeTest(AtmosphericsFabricClient.java:88)
	at knot//com.beash.atmospherics.AtmosphericsFabricClient.lambda$onInitializeClient$1(AtmosphericsFabricClient.java:56)
	at knot//net.fabricmc.fabric.api.client.event.lifecycle.v1.ClientTickEvents.lambda$static$2(ClientTickEvents.java:43)
	at knot//net.minecraft.client.Minecraft.handler$zka000$fabric-lifecycle-events-v1$onEndTick(Minecraft.java:4685)

-- Uptime --
Details:
	JVM uptime: 16.962s
	Wall uptime: 10.592s
	High-res time: 9.472s
	Client ticks: 55 ticks / 2.750s
Stacktrace:
	at knot//net.minecraft.client.Minecraft.fillReport(Minecraft.java:2501)
	at knot//net.minecraft.client.Minecraft.emergencySaveAndCrash(Minecraft.java:949)
	at knot//net.minecraft.client.Minecraft.run(Minecraft.java:905)
	at knot//net.minecraft.client.main.Main.main(Main.java:256)
	at net.fabricmc.loader.impl.game.minecraft.MinecraftGameProvider.launch(MinecraftGameProvider.java:514)
	at net.fabricmc.loader.impl.launch.knot.Knot.launch(Knot.java:72)
	at net.fabricmc.loader.impl.launch.knot.KnotClient.main(KnotClient.java:23)
	at net.fabricmc.devlaunchinjector.Main.main(Main.java:86)

-- Last reload --
Details:
	Reload number: 1
	Reload reason: initial
	Finished: No
	Packs: vanilla, fabric, fabric-api, fabric-api-base, fabric-api-lookup-api-v1, fabric-biome-api-v1, fabric-block-api-v1, fabric-block-view-api-v2, fabric-blockrenderlayer-v1, fabric-client-tags-api-v1, fabric-command-api-v1, fabric-command-api-v2, fabric-commands-v0, fabric-content-registries-v0, fabric-convention-tags-v1, fabric-convention-tags-v2, fabric-crash-report-info-v1, fabric-data-attachment-api-v1, fabric-data-generation-api-v1, fabric-dimensions-v1, fabric-entity-events-v1, fabric-events-interaction-v0, fabric-game-rule-api-v1, fabric-gametest-api-v1, fabric-item-api-v1, fabric-item-group-api-v1, fabric-key-binding-api-v1, fabric-keybindings-v0, fabric-lifecycle-events-v1, fabric-loot-api-v2, fabric-loot-api-v3, fabric-message-api-v1, fabric-model-loading-api-v1, fabric-networking-api-v1, fabric-object-builder-api-v1, fabric-particles-v1, fabric-recipe-api-v1, fabric-registry-sync-v0, fabric-renderer-api-v1, fabric-renderer-indigo, fabric-renderer-registries-v1, fabric-rendering-data-attachment-v1, fabric-rendering-fluids-v1, fabric-rendering-v0, fabric-rendering-v1, fabric-resource-conditions-api-v1, fabric-resource-loader-v0, fabric-screen-api-v1, fabric-screen-handler-api-v1, fabric-sound-api-v1, fabric-transfer-api-v1, fabric-transitive-access-wideners-v1, fabricloader, atmospherics:atmospherics_pack
	Recovery: Yes
	Recovery reason: java.util.concurrent.CompletionException: java.lang.RuntimeException: could not reload shaders
	at java.base/java.util.concurrent.CompletableFuture.encodeThrowable(CompletableFuture.java:315)
	at java.base/java.util.concurrent.CompletableFuture.completeThrowable(CompletableFuture.java:320)
	at java.base/java.util.concurrent.CompletableFuture$UniAccept.tryFire(CompletableFuture.java:722)
	at java.base/java.util.concurrent.CompletableFuture$Completion.run(CompletableFuture.java:482)
	at knot//net.minecraft.server.packs.resources.SimpleReloadInstance.method_18365(SimpleReloadInstance.java:69)
	at knot//net.minecraft.util.thread.BlockableEventLoop.doRunTask(BlockableEventLoop.java:162)
	at knot//net.minecraft.util.thread.ReentrantBlockableEventLoop.doRunTask(ReentrantBlockableEventLoop.java:23)
	at knot//net.minecraft.util.thread.BlockableEventLoop.pollTask(BlockableEventLoop.java:136)
	at knot//net.minecraft.util.thread.BlockableEventLoop.runAllTasks(BlockableEventLoop.java:121)
	at knot//net.minecraft.client.Minecraft.runTick(Minecraft.java:1240)
	at knot//net.minecraft.client.Minecraft.run(Minecraft.java:882)
	at knot//net.minecraft.client.main.Main.main(Main.java:256)
	at net.fabricmc.loader.impl.game.minecraft.MinecraftGameProvider.launch(MinecraftGameProvider.java:514)
	at net.fabricmc.loader.impl.launch.knot.Knot.launch(Knot.java:72)
	at net.fabricmc.loader.impl.launch.knot.KnotClient.main(KnotClient.java:23)
	at net.fabricmc.devlaunchinjector.Main.main(Main.java:86)
Caused by: java.lang.RuntimeException: could not reload shaders
	at knot//net.minecraft.client.renderer.GameRenderer.reloadShaders(GameRenderer.java:537)
	at knot//net.minecraft.client.renderer.GameRenderer$1.apply(GameRenderer.java:419)
	at knot//net.minecraft.client.renderer.GameRenderer$1.apply(GameRenderer.java:396)
	at knot//net.minecraft.server.packs.resources.SimplePreparableReloadListener.method_18790(SimplePreparableReloadListener.java:13)
	at java.base/java.util.concurrent.CompletableFuture$UniAccept.tryFire(CompletableFuture.java:718)
	... 13 more
Caused by: net.minecraft.server.ChainedJsonException: Invalid shaders/core/particle_no_cutoff.json: File not found
	at knot//net.minecraft.server.ChainedJsonException.forException(ChainedJsonException.java:48)
	at knot//net.minecraft.client.renderer.ShaderInstance.<init>(ShaderInstance.java:172)
	at knot//net.fabricmc.fabric.impl.client.rendering.FabricShaderProgram.<init>(FabricShaderProgram.java:28)
	at knot//net.minecraft.client.renderer.GameRenderer.mdefdf86$fabric-rendering-v1$lambda$registerShaders$0$0(GameRenderer.java:2099)
	at knot//com.beash.atmospherics.AtmosphericsFabricClient.lambda$onInitializeClient$5(AtmosphericsFabricClient.java:74)
	at knot//net.fabricmc.fabric.api.client.rendering.v1.CoreShaderRegistrationCallback.lambda$static$0(CoreShaderRegistrationCallback.java:44)
	at knot//net.minecraft.client.renderer.GameRenderer.handler$zdo000$fabric-rendering-v1$registerShaders(GameRenderer.java:2102)
	at knot//net.minecraft.client.renderer.GameRenderer.reloadShaders(GameRenderer.java:534)
	... 17 more
Caused by: java.io.FileNotFoundException: atmospherics:shaders/core/particle_no_cutoff.json
	at knot//net.minecraft.server.packs.resources.ResourceProvider.method_43043(ResourceProvider.java:23)
	at java.base/java.util.Optional.orElseThrow(Optional.java:403)
	at knot//net.minecraft.server.packs.resources.ResourceProvider.getResourceOrThrow(ResourceProvider.java:23)
	at knot//net.minecraft.server.packs.resources.ResourceProvider.openAsReader(ResourceProvider.java:31)
	at knot//net.minecraft.client.renderer.ShaderInstance.<init>(ShaderInstance.java:121)
	... 23 more


-- System Details --
Details:
	Minecraft Version: 1.21.1
	Minecraft Version ID: 1.21.1
	Operating System: Linux (amd64) version 6.17.0-1022-azure
	Java Version: 21.0.12, Eclipse Adoptium
	Java VM Version: OpenJDK 64-Bit Server VM (mixed mode, sharing), Eclipse Adoptium
	Memory: 437205416 bytes (416 MiB) / 1065353216 bytes (1016 MiB) up to 4192206848 bytes (3998 MiB)
	CPUs: 4
	Processor Vendor: AuthenticAMD
	Processor Name: AMD EPYC 9V45 96-Core Processor
	Identifier: AuthenticAMD Family 26 Model 2 Stepping 1
	Microarchitecture: unknown
	Frequency (GHz): -0.00
	Number of physical packages: 1
	Number of physical CPUs: 2
	Number of logical CPUs: 4
	Graphics card #0 name: hyperv_drmdrmfb
	Graphics card #0 vendor: unknown
	Graphics card #0 VRAM (MiB): 0.00
	Graphics card #0 deviceId: unknown
	Graphics card #0 versionInfo: unknown
	Virtual memory max (MiB): 11066.84
	Virtual memory used (MiB): 3295.54
	Swap memory total (MiB): 3072.00
	Swap memory used (MiB): 0.00
	Space in storage for jna.tmpdir (MiB): <path not set>
	Space in storage for org.lwjgl.system.SharedLibraryExtractPath (MiB): <path not set>
	Space in storage for io.netty.native.workdir (MiB): <path not set>
	Space in storage for java.io.tmpdir (MiB): available: 86491.05, total: 147718.61
	Space in storage for workdir (MiB): available: 86491.05, total: 147718.61
	JVM Flags: 0 total; 
	Fabric Mods: 
		atmospherics: Atmospherics 2.6.5-fabric.1
		fabric-api: Fabric API 0.116.7+1.21.1
		fabric-api-base: Fabric API Base 0.4.42+6573ed8c19
		fabric-api-lookup-api-v1: Fabric API Lookup API (v1) 1.6.71+b559734419
		fabric-biome-api-v1: Fabric Biome API (v1) 13.0.31+d527f9fd19
		fabric-block-api-v1: Fabric Block API (v1) 1.1.0+0bc3503219
		fabric-block-view-api-v2: Fabric BlockView API (v2) 1.0.11+ebb2264e19
		fabric-blockrenderlayer-v1: Fabric BlockRenderLayer Registration (v1) 1.1.52+0af3f5a719
		fabric-client-tags-api-v1: Fabric Client Tags 1.1.15+6573ed8c19
		fabric-command-api-v1: Fabric Command API (v1) 1.2.49+f71b366f19
		fabric-command-api-v2: Fabric Command API (v2) 2.2.28+6ced4dd919
		fabric-commands-v0: Fabric Commands (v0) 0.2.66+df3654b319
		fabric-content-registries-v0: Fabric Content Registries (v0) 8.0.19+b559734419
		fabric-convention-tags-v1: Fabric Convention Tags 2.1.5+7f945d5b19
		fabric-convention-tags-v2: Fabric Convention Tags (v2) 2.11.1+a406e79519
		fabric-crash-report-info-v1: Fabric Crash Report Info (v1) 0.2.29+0af3f5a719
		fabric-data-attachment-api-v1: Fabric Data Attachment API (v1) 1.4.5+6116a37819
		fabric-data-generation-api-v1: Fabric Data Generation API (v1) 20.2.34+37516cd619
		fabric-dimensions-v1: Fabric Dimensions API (v1) 4.0.1+65213ef819
		fabric-entity-events-v1: Fabric Entity Events (v1) 1.8.0+2b27e0a419
		fabric-events-interaction-v0: Fabric Events Interaction (v0) 0.7.13+ba9dae0619
		fabric-game-rule-api-v1: Fabric Game Rule API (v1) 1.0.53+6ced4dd919
		fabric-gametest-api-v1: Fabric Game Test API (v1) 2.0.5+6fc22b9919
		fabric-item-api-v1: Fabric Item API (v1) 11.2.0+3b3cb2e819
		fabric-item-group-api-v1: Fabric Item Group API (v1) 4.1.7+def88e3a19
		fabric-key-binding-api-v1: Fabric Key Binding API (v1) 1.0.47+0af3f5a719
		fabric-keybindings-v0: Fabric Key Bindings (v0) 0.2.45+df3654b319
		fabric-lifecycle-events-v1: Fabric Lifecycle Events (v1) 2.6.0+0865547519
		fabric-loot-api-v2: Fabric Loot API (v2) 3.0.15+3f89f5a519
		fabric-loot-api-v3: Fabric Loot API (v3) 1.0.3+3f89f5a519
		fabric-message-api-v1: Fabric Message API (v1) 6.0.14+8aaf3aca19
		fabric-model-loading-api-v1: Fabric Model Loading API (v1) 2.1.0+b4d813fc19
		fabric-networking-api-v1: Fabric Networking API (v1) 4.3.0+c7469b2119
		fabric-object-builder-api-v1: Fabric Object Builder API (v1) 15.2.1+40875a9319
		fabric-particles-v1: Fabric Particles (v1) 4.0.2+6573ed8c19
		fabric-recipe-api-v1: Fabric Recipe API (v1) 5.0.15+2475392c19
		fabric-registry-sync-v0: Fabric Registry Sync (v0) 5.3.1+e3eddc2119
		fabric-renderer-api-v1: Fabric Renderer API (v1) 3.4.1+b4d813fc19
		fabric-renderer-indigo: Fabric Renderer - Indigo 1.7.1+c705a49c19
		fabric-renderer-registries-v1: Fabric Renderer Registries (v1) 3.2.69+df3654b319
		fabric-rendering-data-attachment-v1: Fabric Rendering Data Attachment (v1) 0.3.49+73761d2e19
		fabric-rendering-fluids-v1: Fabric Rendering Fluids (v1) 3.1.6+1daea21519
		fabric-rendering-v0: Fabric Rendering (v0) 1.1.72+df3654b319
		fabric-rendering-v1: Fabric Rendering (v1) 5.1.0+ab4c25a019
		fabric-resource-conditions-api-v1: Fabric Resource Conditions API (v1) 4.3.0+8dc279b119
		fabric-resource-loader-v0: Fabric Resource Loader (v0) 1.3.1+5b5275af19
		fabric-screen-api-v1: Fabric Screen API (v1) 2.0.25+8b68f1c719
		fabric-screen-handler-api-v1: Fabric Screen Handler API (v1) 1.3.90+b559734419
		fabric-sound-api-v1: Fabric Sound API (v1) 1.0.23+6573ed8c19
		fabric-transfer-api-v1: Fabric Transfer API (v1) 5.4.3+c24bd99419
		fabric-transitive-access-wideners-v1: Fabric Transitive Access Wideners (v1) 6.2.0+45b9699719
		fabricloader: Fabric Loader 0.19.3
		java: OpenJDK 64-Bit Server VM 21
		minecraft: Minecraft 1.21.1
		mixinextras: MixinExtras 0.5.4
	Launched Version: Fabric
	Backend library: LWJGL version 3.3.3-snapshot
	Backend API: llvmpipe (LLVM 20.1.2, 256 bits) GL version 4.5 (Core Profile) Mesa 25.2.8-0ubuntu0.24.04.2, Mesa
	Window size: 854x480
	GFLW Platform: x11
	GL Caps: Using framebuffer using OpenGL 3.2
	GL debug messages: 
	Is Modded: Definitely; Client brand changed to 'fabric'
	Universe: 400921fb54442d18
	Type: Client (map_client.txt)
	Graphics mode: fancy
	Render Distance: 12/12 chunks
	Resource Packs: vanilla, fabric, fabric-api, fabric-api-base, fabric-api-lookup-api-v1, fabric-biome-api-v1, fabric-block-api-v1, fabric-block-view-api-v2, fabric-blockrenderlayer-v1, fabric-client-tags-api-v1, fabric-command-api-v1, fabric-command-api-v2, fabric-commands-v0, fabric-content-registries-v0, fabric-convention-tags-v1, fabric-convention-tags-v2, fabric-crash-report-info-v1, fabric-data-attachment-api-v1, fabric-data-generation-api-v1, fabric-dimensions-v1, fabric-entity-events-v1, fabric-events-interaction-v0, fabric-game-rule-api-v1, fabric-gametest-api-v1, fabric-item-api-v1, fabric-item-group-api-v1, fabric-key-binding-api-v1, fabric-keybindings-v0, fabric-lifecycle-events-v1, fabric-loot-api-v2, fabric-loot-api-v3, fabric-message-api-v1, fabric-model-loading-api-v1, fabric-networking-api-v1, fabric-object-builder-api-v1, fabric-particles-v1, fabric-recipe-api-v1, fabric-registry-sync-v0, fabric-renderer-api-v1, fabric-renderer-indigo, fabric-renderer-registries-v1, fabric-rendering-data-attachment-v1, fabric-rendering-fluids-v1, fabric-rendering-v0, fabric-rendering-v1, fabric-resource-conditions-api-v1, fabric-resource-loader-v0, fabric-screen-api-v1, fabric-screen-handler-api-v1, fabric-sound-api-v1, fabric-transfer-api-v1, fabric-transitive-access-wideners-v1, fabricloader
	Current Language: en_us
	Locale: en
	System encoding: UTF-8
	File encoding: UTF-8
	CPU: 4x AMD EPYC 9V45 96-Core Processor
#@!@# Game crashed! Crash report saved to: #@!@# /home/runner/work/mod-sample/mod-sample/.ci/atmospherics/work/run/crash-reports/crash-2026-08-24_07.45.08-client.txt

> Task :runClient FAILED
gradle/actions: Writing build results to /home/runner/work/_temp/.gradle-actions/build-results/__run_5-1787557462431.json

FAILURE: Build failed with an exception.

* What went wrong:
Execution failed for task ':runClient'.
> Process 'command '/usr/lib/jvm/temurin-21-jdk-amd64/bin/java'' finished with non-zero exit value 255

* Try:
> Run with --info or --debug option to get more log output.
> Run with --scan to get full insights.
> Get more help at https://help.gradle.org.

* Exception is:
org.gradle.api.tasks.TaskExecutionException: Execution failed for task ':runClient'.
	at org.gradle.api.internal.tasks.execution.ExecuteActionsTaskExecuter.lambda$executeIfValid$1(ExecuteActionsTaskExecuter.java:130)
	at org.gradle.internal.Try$Failure.ifSuccessfulOrElse(Try.java:293)
	at org.gradle.api.internal.tasks.execution.ExecuteActionsTaskExecuter.executeIfValid(ExecuteActionsTaskExecuter.java:128)
	at org.gradle.api.internal.tasks.execution.ExecuteActionsTaskExecuter.execute(ExecuteActionsTaskExecuter.java:116)
	at org.gradle.api.internal.tasks.execution.FinalizePropertiesTaskExecuter.execute(FinalizePropertiesTaskExecuter.java:46)
	at org.gradle.api.internal.tasks.execution.ResolveTaskExecutionModeExecuter.execute(ResolveTaskExecutionModeExecuter.java:51)
	at org.gradle.api.internal.tasks.execution.SkipTaskWithNoActionsExecuter.execute(SkipTaskWithNoActionsExecuter.java:57)
	at org.gradle.api.internal.tasks.execution.SkipOnlyIfTaskExecuter.execute(SkipOnlyIfTaskExecuter.java:74)
	at org.gradle.api.internal.tasks.execution.CatchExceptionTaskExecuter.execute(CatchExceptionTaskExecuter.java:36)
	at org.gradle.api.internal.tasks.execution.EventFiringTaskExecuter$1.executeTask(EventFiringTaskExecuter.java:77)
	at org.gradle.api.internal.tasks.execution.EventFiringTaskExecuter$1.call(EventFiringTaskExecuter.java:55)
	at org.gradle.api.internal.tasks.execution.EventFiringTaskExecuter$1.call(EventFiringTaskExecuter.java:52)
	at org.gradle.internal.operations.DefaultBuildOperationRunner$CallableBuildOperationWorker.execute(DefaultBuildOperationRunner.java:209)
	at org.gradle.internal.operations.DefaultBuildOperationRunner$CallableBuildOperationWorker.execute(DefaultBuildOperationRunner.java:204)
	at org.gradle.internal.operations.DefaultBuildOperationRunner$2.execute(DefaultBuildOperationRunner.java:66)
	at org.gradle.internal.operations.DefaultBuildOperationRunner$2.execute(DefaultBuildOperationRunner.java:59)
	at org.gradle.internal.operations.DefaultBuildOperationRunner.execute(DefaultBuildOperationRunner.java:166)
	at org.gradle.internal.operations.DefaultBuildOperationRunner.execute(DefaultBuildOperationRunner.java:59)
	at org.gradle.internal.operations.DefaultBuildOperationRunner.call(DefaultBuildOperationRunner.java:53)
	at org.gradle.api.internal.tasks.execution.EventFiringTaskExecuter.execute(EventFiringTaskExecuter.java:52)
	at org.gradle.execution.plan.LocalTaskNodeExecutor.execute(LocalTaskNodeExecutor.java:42)
	at org.gradle.execution.taskgraph.DefaultTaskExecutionGraph$InvokeNodeExecutorsAction.execute(DefaultTaskExecutionGraph.java:331)
	at org.gradle.execution.taskgraph.DefaultTaskExecutionGraph$InvokeNodeExecutorsAction.execute(DefaultTaskExecutionGraph.java:318)
	at org.gradle.execution.taskgraph.DefaultTaskExecutionGraph$BuildOperationAwareExecutionAction.lambda$execute$0(DefaultTaskExecutionGraph.java:314)
	at org.gradle.internal.operations.CurrentBuildOperationRef.with(CurrentBuildOperationRef.java:85)
	at org.gradle.execution.taskgraph.DefaultTaskExecutionGraph$BuildOperationAwareExecutionAction.execute(DefaultTaskExecutionGraph.java:314)
	at org.gradle.execution.taskgraph.DefaultTaskExecutionGraph$BuildOperationAwareExecutionAction.execute(DefaultTaskExecutionGraph.java:303)
	at org.gradle.execution.plan.DefaultPlanExecutor$ExecutorWorker.execute(DefaultPlanExecutor.java:459)
	at org.gradle.execution.plan.DefaultPlanExecutor$ExecutorWorker.run(DefaultPlanExecutor.java:376)
	at org.gradle.execution.plan.DefaultPlanExecutor.process(DefaultPlanExecutor.java:111)
	at org.gradle.execution.taskgraph.DefaultTaskExecutionGraph.executeWithServices(DefaultTaskExecutionGraph.java:138)
	at org.gradle.execution.taskgraph.DefaultTaskExecutionGraph.execute(DefaultTaskExecutionGraph.java:123)
	at org.gradle.execution.SelectedTaskExecutionAction.execute(SelectedTaskExecutionAction.java:35)
	at org.gradle.execution.DryRunBuildExecutionAction.execute(DryRunBuildExecutionAction.java:51)
	at org.gradle.execution.BuildOperationFiringBuildWorkerExecutor$ExecuteTasks.call(BuildOperationFiringBuildWorkerExecutor.java:54)
	at org.gradle.execution.BuildOperationFiringBuildWorkerExecutor$ExecuteTasks.call(BuildOperationFiringBuildWorkerExecutor.java:43)
	at org.gradle.internal.operations.DefaultBuildOperationRunner$CallableBuildOperationWorker.execute(DefaultBuildOperationRunner.java:209)
	at org.gradle.internal.operations.DefaultBuildOperationRunner$CallableBuildOperationWorker.execute(DefaultBuildOperationRunner.java:204)
	at org.gradle.internal.operations.DefaultBuildOperationRunner$2.execute(DefaultBuildOperationRunner.java:66)
	at org.gradle.internal.operations.DefaultBuildOperationRunner$2.execute(DefaultBuildOperationRunner.java:59)
	at org.gradle.internal.operations.DefaultBuildOperationRunner.execute(DefaultBuildOperationRunner.java:166)
	at org.gradle.internal.operations.DefaultBuildOperationRunner.execute(DefaultBuildOperationRunner.java:59)
	at org.gradle.internal.operations.DefaultBuildOperationRunner.call(DefaultBuildOperationRunner.java:53)
	at org.gradle.execution.BuildOperationFiringBuildWorkerExecutor.execute(BuildOperationFiringBuildWorkerExecutor.java:40)
	at org.gradle.internal.build.DefaultBuildLifecycleController.lambda$executeTasks$10(DefaultBuildLifecycleController.java:313)
	at org.gradle.internal.model.StateTransitionController.doTransition(StateTransitionController.java:266)
	at org.gradle.internal.model.StateTransitionController.lambda$tryTransition$8(StateTransitionController.java:177)
	at org.gradle.internal.work.DefaultSynchronizer.withLock(DefaultSynchronizer.java:44)
	at org.gradle.internal.model.StateTransitionController.tryTransition(StateTransitionController.java:177)
	at org.gradle.internal.build.DefaultBuildLifecycleController.executeTasks(DefaultBuildLifecycleController.java:304)
	at org.gradle.internal.build.DefaultBuildWorkGraphController$DefaultBuildWorkGraph.runWork(DefaultBuildWorkGraphController.java:220)
	at org.gradle.internal.work.DefaultWorkerLeaseService.withLocks(DefaultWorkerLeaseService.java:263)
	at org.gradle.internal.work.DefaultWorkerLeaseService.runAsWorkerThread(DefaultWorkerLeaseService.java:127)
	at org.gradle.composite.internal.DefaultBuildController.doRun(DefaultBuildController.java:181)
	at org.gradle.composite.internal.DefaultBuildController.access$000(DefaultBuildController.java:50)
	at org.gradle.composite.internal.DefaultBuildController$BuildOpRunnable.lambda$run$0(DefaultBuildController.java:198)
	at org.gradle.internal.operations.CurrentBuildOperationRef.with(CurrentBuildOperationRef.java:85)
	at org.gradle.composite.internal.DefaultBuildController$BuildOpRunnable.run(DefaultBuildController.java:198)
	at org.gradle.internal.concurrent.ExecutorPolicy$CatchAndRecordFailures.onExecute(ExecutorPolicy.java:64)
	at org.gradle.internal.concurrent.AbstractManagedExecutor$1.run(AbstractManagedExecutor.java:48)
Caused by: org.gradle.process.internal.ExecException: Process 'command '/usr/lib/jvm/temurin-21-jdk-amd64/bin/java'' finished with non-zero exit value 255
	at org.gradle.process.internal.DefaultExecHandle$ExecResultImpl.assertNormalExitValue(DefaultExecHandle.java:442)
	at org.gradle.process.internal.DefaultJavaExecAction.execute(DefaultJavaExecAction.java:52)
	at org.gradle.api.tasks.JavaExec.exec(JavaExec.java:164)
	at net.fabricmc.loom.task.AbstractRunTask.exec(AbstractRunTask.java:135)
	at java.base/jdk.internal.reflect.DirectMethodHandleAccessor.invoke(DirectMethodHandleAccessor.java:103)
	at org.gradle.internal.reflect.JavaMethod.invoke(JavaMethod.java:125)
	at org.gradle.api.internal.project.taskfactory.StandardTaskAction.doExecute(StandardTaskAction.java:58)
	at org.gradle.api.internal.project.taskfactory.StandardTaskAction.execute(StandardTaskAction.java:51)
	at org.gradle.api.internal.project.taskfactory.StandardTaskAction.execute(StandardTaskAction.java:29)
	at org.gradle.api.internal.tasks.execution.TaskExecution$3.run(TaskExecution.java:244)
	at org.gradle.internal.operations.DefaultBuildOperationRunner$1.execute(DefaultBuildOperationRunner.java:29)
	at org.gradle.internal.operations.DefaultBuildOperationRunner$1.execute(DefaultBuildOperationRunner.java:26)
	at org.gradle.internal.operations.DefaultBuildOperationRunner$2.execute(DefaultBuildOperationRunner.java:66)
	at org.gradle.internal.operations.DefaultBuildOperationRunner$2.execute(DefaultBuildOperationRunner.java:59)
	at org.gradle.internal.operations.DefaultBuildOperationRunner.execute(DefaultBuildOperationRunner.java:166)
	at org.gradle.internal.operations.DefaultBuildOperationRunner.execute(DefaultBuildOperationRunner.java:59)
	at org.gradle.internal.operations.DefaultBuildOperationRunner.run(DefaultBuildOperationRunner.java:47)
	at org.gradle.api.internal.tasks.execution.TaskExecution.executeAction(TaskExecution.java:229)
	at org.gradle.api.internal.tasks.execution.TaskExecution.executeActions(TaskExecution.java:212)
	at org.gradle.api.internal.tasks.execution.TaskExecution.executeWithPreviousOutputFiles(TaskExecution.java:195)
	at org.gradle.api.internal.tasks.execution.TaskExecution.execute(TaskExecution.java:162)
	at org.gradle.internal.execution.steps.ExecuteStep.executeInternal(ExecuteStep.java:105)
	at org.gradle.internal.execution.steps.ExecuteStep.access$000(ExecuteStep.java:44)
	at org.gradle.internal.execution.steps.ExecuteStep$1.call(ExecuteStep.java:59)
	at org.gradle.internal.execution.steps.ExecuteStep$1.call(ExecuteStep.java:56)
	at org.gradle.internal.operations.DefaultBuildOperationRunner$CallableBuildOperationWorker.execute(DefaultBuildOperationRunner.java:209)
	at org.gradle.internal.operations.DefaultBuildOperationRunner$CallableBuildOperationWorker.execute(DefaultBuildOperationRunner.java:204)
	at org.gradle.internal.operations.DefaultBuildOperationRunner$2.execute(DefaultBuildOperationRunner.java:66)
	at org.gradle.internal.operations.DefaultBuildOperationRunner$2.execute(DefaultBuildOperationRunner.java:59)
	at org.gradle.internal.operations.DefaultBuildOperationRunner.execute(DefaultBuildOperationRunner.java:166)
	at org.gradle.internal.operations.DefaultBuildOperationRunner.execute(DefaultBuildOperationRunner.java:59)
	at org.gradle.internal.operations.DefaultBuildOperationRunner.call(DefaultBuildOperationRunner.java:53)
	at org.gradle.internal.execution.steps.ExecuteStep.execute(ExecuteStep.java:56)
	at org.gradle.internal.execution.steps.ExecuteStep.execute(ExecuteStep.java:44)
	at org.gradle.internal.execution.steps.CancelExecutionStep.execute(CancelExecutionStep.java:42)
	at org.gradle.internal.execution.steps.TimeoutStep.executeWithoutTimeout(TimeoutStep.java:75)
	at org.gradle.internal.execution.steps.TimeoutStep.execute(TimeoutStep.java:55)
	at org.gradle.internal.execution.steps.PreCreateOutputParentsStep.execute(PreCreateOutputParentsStep.java:50)
	at org.gradle.internal.execution.steps.PreCreateOutputParentsStep.execute(PreCreateOutputParentsStep.java:28)
	at org.gradle.internal.execution.steps.RemovePreviousOutputsStep.execute(RemovePreviousOutputsStep.java:67)
	at org.gradle.internal.execution.steps.RemovePreviousOutputsStep.execute(RemovePreviousOutputsStep.java:37)
	at org.gradle.internal.execution.steps.BroadcastChangingOutputsStep.execute(BroadcastChangingOutputsStep.java:61)
	at org.gradle.internal.execution.steps.BroadcastChangingOutputsStep.execute(BroadcastChangingOutputsStep.java:26)
	at org.gradle.internal.execution.steps.CaptureOutputsAfterExecutionStep.execute(CaptureOutputsAfterExecutionStep.java:69)
	at org.gradle.internal.execution.steps.CaptureOutputsAfterExecutionStep.execute(CaptureOutputsAfterExecutionStep.java:46)
	at org.gradle.internal.execution.steps.ResolveInputChangesStep.execute(ResolveInputChangesStep.java:40)
	at org.gradle.internal.execution.steps.ResolveInputChangesStep.execute(ResolveInputChangesStep.java:29)
	at org.gradle.internal.execution.steps.BuildCacheStep.executeWithoutCache(BuildCacheStep.java:189)
	at org.gradle.internal.execution.steps.BuildCacheStep.lambda$execute$1(BuildCacheStep.java:75)
	at org.gradle.internal.Either$Right.fold(Either.java:175)
	at org.gradle.internal.execution.caching.CachingState.fold(CachingState.java:62)
	at org.gradle.internal.execution.steps.BuildCacheStep.execute(BuildCacheStep.java:73)
	at org.gradle.internal.execution.steps.BuildCacheStep.execute(BuildCacheStep.java:48)
	at org.gradle.internal.execution.steps.StoreExecutionStateStep.execute(StoreExecutionStateStep.java:46)
	at org.gradle.internal.execution.steps.StoreExecutionStateStep.execute(StoreExecutionStateStep.java:35)
	at org.gradle.internal.execution.steps.SkipUpToDateStep.executeBecause(SkipUpToDateStep.java:75)
	at org.gradle.internal.execution.steps.SkipUpToDateStep.lambda$execute$2(SkipUpToDateStep.java:53)
	at org.gradle.internal.execution.steps.SkipUpToDateStep.execute(SkipUpToDateStep.java:53)
	at org.gradle.internal.execution.steps.SkipUpToDateStep.execute(SkipUpToDateStep.java:35)
	at org.gradle.internal.execution.steps.legacy.MarkSnapshottingInputsFinishedStep.execute(MarkSnapshottingInputsFinishedStep.java:37)
	at org.gradle.internal.execution.steps.legacy.MarkSnapshottingInputsFinishedStep.execute(MarkSnapshottingInputsFinishedStep.java:27)
	at org.gradle.internal.execution.steps.ResolveIncrementalCachingStateStep.executeDelegate(ResolveIncrementalCachingStateStep.java:49)
	at org.gradle.internal.execution.steps.ResolveIncrementalCachingStateStep.executeDelegate(ResolveIncrementalCachingStateStep.java:27)
	at org.gradle.internal.execution.steps.AbstractResolveCachingStateStep.execute(AbstractResolveCachingStateStep.java:71)
	at org.gradle.internal.execution.steps.AbstractResolveCachingStateStep.execute(AbstractResolveCachingStateStep.java:39)
	at org.gradle.internal.execution.steps.ResolveChangesStep.execute(ResolveChangesStep.java:65)
	at org.gradle.internal.execution.steps.ResolveChangesStep.execute(ResolveChangesStep.java:36)
	at org.gradle.internal.execution.steps.ValidateStep.execute(ValidateStep.java:107)
	at org.gradle.internal.execution.steps.ValidateStep.execute(ValidateStep.java:56)
	at org.gradle.internal.execution.steps.AbstractCaptureStateBeforeExecutionStep.execute(AbstractCaptureStateBeforeExecutionStep.java:64)
	at org.gradle.internal.execution.steps.AbstractCaptureStateBeforeExecutionStep.execute(AbstractCaptureStateBeforeExecutionStep.java:43)
	at org.gradle.internal.execution.steps.AbstractSkipEmptyWorkStep.executeWithNonEmptySources(AbstractSkipEmptyWorkStep.java:125)
	at org.gradle.internal.execution.steps.AbstractSkipEmptyWorkStep.execute(AbstractSkipEmptyWorkStep.java:56)
	at org.gradle.internal.execution.steps.AbstractSkipEmptyWorkStep.execute(AbstractSkipEmptyWorkStep.java:36)
	at org.gradle.internal.execution.steps.legacy.MarkSnapshottingInputsStartedStep.execute(MarkSnapshottingInputsStartedStep.java:38)
	at org.gradle.internal.execution.steps.LoadPreviousExecutionStateStep.execute(LoadPreviousExecutionStateStep.java:36)
	at org.gradle.internal.execution.steps.LoadPreviousExecutionStateStep.execute(LoadPreviousExecutionStateStep.java:23)
	at org.gradle.internal.execution.steps.HandleStaleOutputsStep.execute(HandleStaleOutputsStep.java:75)
	at org.gradle.internal.execution.steps.HandleStaleOutputsStep.execute(HandleStaleOutputsStep.java:41)
	at org.gradle.internal.execution.steps.AssignMutableWorkspaceStep.lambda$execute$0(AssignMutableWorkspaceStep.java:35)
	at org.gradle.api.internal.tasks.execution.TaskExecution$4.withWorkspace(TaskExecution.java:289)
	at org.gradle.internal.execution.steps.AssignMutableWorkspaceStep.execute(AssignMutableWorkspaceStep.java:31)
	at org.gradle.internal.execution.steps.AssignMutableWorkspaceStep.execute(AssignMutableWorkspaceStep.java:22)
	at org.gradle.internal.execution.steps.ChoosePipelineStep.execute(ChoosePipelineStep.java:40)
	at org.gradle.internal.execution.steps.ChoosePipelineStep.execute(ChoosePipelineStep.java:23)
	at org.gradle.internal.execution.steps.ExecuteWorkBuildOperationFiringStep.lambda$execute$2(ExecuteWorkBuildOperationFiringStep.java:67)
	at org.gradle.internal.execution.steps.ExecuteWorkBuildOperationFiringStep.execute(ExecuteWorkBuildOperationFiringStep.java:67)
	at org.gradle.internal.execution.steps.ExecuteWorkBuildOperationFiringStep.execute(ExecuteWorkBuildOperationFiringStep.java:39)
	at org.gradle.internal.execution.steps.IdentityCacheStep.execute(IdentityCacheStep.java:46)
	at org.gradle.internal.execution.steps.IdentityCacheStep.execute(IdentityCacheStep.java:34)
	at org.gradle.internal.execution.steps.IdentifyStep.execute(IdentifyStep.java:48)
	at org.gradle.internal.execution.steps.IdentifyStep.execute(IdentifyStep.java:35)
	at org.gradle.internal.execution.impl.DefaultExecutionEngine$1.execute(DefaultExecutionEngine.java:61)
	at org.gradle.api.internal.tasks.execution.ExecuteActionsTaskExecuter.executeIfValid(ExecuteActionsTaskExecuter.java:127)
	at org.gradle.api.internal.tasks.execution.ExecuteActionsTaskExecuter.execute(ExecuteActionsTaskExecuter.java:116)
	at org.gradle.api.internal.tasks.execution.FinalizePropertiesTaskExecuter.execute(FinalizePropertiesTaskExecuter.java:46)
	at org.gradle.api.internal.tasks.execution.ResolveTaskExecutionModeExecuter.execute(ResolveTaskExecutionModeExecuter.java:51)
	at org.gradle.api.internal.tasks.execution.SkipTaskWithNoActionsExecuter.execute(SkipTaskWithNoActionsExecuter.java:57)
	at org.gradle.api.internal.tasks.execution.SkipOnlyIfTaskExecuter.execute(SkipOnlyIfTaskExecuter.java:74)
	at org.gradle.api.internal.tasks.execution.CatchExceptionTaskExecuter.execute(CatchExceptionTaskExecuter.java:36)
	at org.gradle.api.internal.tasks.execution.EventFiringTaskExecuter$1.executeTask(EventFiringTaskExecuter.java:77)
	at org.gradle.api.internal.tasks.execution.EventFiringTaskExecuter$1.call(EventFiringTaskExecuter.java:55)
	at org.gradle.api.internal.tasks.execution.EventFiringTaskExecuter$1.call(EventFiringTaskExecuter.java:52)
	at org.gradle.internal.operations.DefaultBuildOperationRunner$CallableBuildOperationWorker.execute(DefaultBuildOperationRunner.java:209)
	at org.gradle.internal.operations.DefaultBuildOperationRunner$CallableBuildOperationWorker.execute(DefaultBuildOperationRunner.java:204)
	at org.gradle.internal.operations.DefaultBuildOperationRunner$2.execute(DefaultBuildOperationRunner.java:66)
	at org.gradle.internal.operations.DefaultBuildOperationRunner$2.execute(DefaultBuildOperationRunner.java:59)
	at org.gradle.internal.operations.DefaultBuildOperationRunner.execute(DefaultBuildOperationRunner.java:166)
	at org.gradle.internal.operations.DefaultBuildOperationRunner.execute(DefaultBuildOperationRunner.java:59)
	at org.gradle.internal.operations.DefaultBuildOperationRunner.call(DefaultBuildOperationRunner.java:53)
	at org.gradle.api.internal.tasks.execution.EventFiringTaskExecuter.execute(EventFiringTaskExecuter.java:52)
	at org.gradle.execution.plan.LocalTaskNodeExecutor.execute(LocalTaskNodeExecutor.java:42)
	at org.gradle.execution.taskgraph.DefaultTaskExecutionGraph$InvokeNodeExecutorsAction.execute(DefaultTaskExecutionGraph.java:331)
	at org.gradle.execution.taskgraph.DefaultTaskExecutionGraph$InvokeNodeExecutorsAction.execute(DefaultTaskExecutionGraph.java:318)
	at org.gradle.execution.taskgraph.DefaultTaskExecutionGraph$BuildOperationAwareExecutionAction.lambda$execute$0(DefaultTaskExecutionGraph.java:314)
	at org.gradle.internal.operations.CurrentBuildOperationRef.with(CurrentBuildOperationRef.java:85)
	at org.gradle.execution.taskgraph.DefaultTaskExecutionGraph$BuildOperationAwareExecutionAction.execute(DefaultTaskExecutionGraph.java:314)
	at org.gradle.execution.taskgraph.DefaultTaskExecutionGraph$BuildOperationAwareExecutionAction.execute(DefaultTaskExecutionGraph.java:303)
	at org.gradle.execution.plan.DefaultPlanExecutor$ExecutorWorker.execute(DefaultPlanExecutor.java:459)
	at org.gradle.execution.plan.DefaultPlanExecutor$ExecutorWorker.run(DefaultPlanExecutor.java:376)
	at org.gradle.execution.plan.DefaultPlanExecutor.process(DefaultPlanExecutor.java:111)
	at org.gradle.execution.taskgraph.DefaultTaskExecutionGraph.executeWithServices(DefaultTaskExecutionGraph.java:138)
	at org.gradle.execution.taskgraph.DefaultTaskExecutionGraph.execute(DefaultTaskExecutionGraph.java:123)
	at org.gradle.execution.SelectedTaskExecutionAction.execute(SelectedTaskExecutionAction.java:35)
	at org.gradle.execution.DryRunBuildExecutionAction.execute(DryRunBuildExecutionAction.java:51)
	at org.gradle.execution.BuildOperationFiringBuildWorkerExecutor$ExecuteTasks.call(BuildOperationFiringBuildWorkerExecutor.java:54)
	at org.gradle.execution.BuildOperationFiringBuildWorkerExecutor$ExecuteTasks.call(BuildOperationFiringBuildWorkerExecutor.java:43)
	at org.gradle.internal.operations.DefaultBuildOperationRunner$CallableBuildOperationWorker.execute(DefaultBuildOperationRunner.java:209)
	at org.gradle.internal.operations.DefaultBuildOperationRunner$CallableBuildOperationWorker.execute(DefaultBuildOperationRunner.java:204)
	at org.gradle.internal.operations.DefaultBuildOperationRunner$2.execute(DefaultBuildOperationRunner.java:66)
	at org.gradle.internal.operations.DefaultBuildOperationRunner$2.execute(DefaultBuildOperationRunner.java:59)
	at org.gradle.internal.operations.DefaultBuildOperationRunner.execute(DefaultBuildOperationRunner.java:166)
	at org.gradle.internal.operations.DefaultBuildOperationRunner.execute(DefaultBuildOperationRunner.java:59)
	at org.gradle.internal.operations.DefaultBuildOperationRunner.call(DefaultBuildOperationRunner.java:53)
	at org.gradle.execution.BuildOperationFiringBuildWorkerExecutor.execute(BuildOperationFiringBuildWorkerExecutor.java:40)
	at org.gradle.internal.build.DefaultBuildLifecycleController.lambda$executeTasks$10(DefaultBuildLifecycleController.java:313)
	at org.gradle.internal.model.StateTransitionController.doTransition(StateTransitionController.java:266)
	at org.gradle.internal.model.StateTransitionController.lambda$tryTransition$8(StateTransitionController.java:177)
	at org.gradle.internal.work.DefaultSynchronizer.withLock(DefaultSynchronizer.java:44)
	at org.gradle.internal.model.StateTransitionController.tryTransition(StateTransitionController.java:177)
	at org.gradle.internal.build.DefaultBuildLifecycleController.executeTasks(DefaultBuildLifecycleController.java:304)
	at org.gradle.internal.build.DefaultBuildWorkGraphController$DefaultBuildWorkGraph.runWork(DefaultBuildWorkGraphController.java:220)
	at org.gradle.internal.work.DefaultWorkerLeaseService.withLocks(DefaultWorkerLeaseService.java:263)
	at org.gradle.internal.work.DefaultWorkerLeaseService.runAsWorkerThread(DefaultWorkerLeaseService.java:127)
	at org.gradle.composite.internal.DefaultBuildController.doRun(DefaultBuildController.java:181)
	at org.gradle.composite.internal.DefaultBuildController.access$000(DefaultBuildController.java:50)
	at org.gradle.composite.internal.DefaultBuildController$BuildOpRunnable.lambda$run$0(DefaultBuildController.java:198)
	at org.gradle.internal.operations.CurrentBuildOperationRef.with(CurrentBuildOperationRef.java:85)
	at org.gradle.composite.internal.DefaultBuildController$BuildOpRunnable.run(DefaultBuildController.java:198)
	at org.gradle.internal.concurrent.ExecutorPolicy$CatchAndRecordFailures.onExecute(ExecutorPolicy.java:64)
	at org.gradle.internal.concurrent.AbstractManagedExecutor$1.run(AbstractManagedExecutor.java:48)


BUILD FAILED in 49s
7 actionable tasks: 5 executed, 2 up-to-date
